"","variable","point_estimate","Upper C.I.","converge"
"1","D.scale",2.97825833090294,5.45385205350065,"false"
"2","D.sum",2.97416762964717,5.69487368571821,"false"
"3","N[1]",1.01907022929588,1.07879417272409,"true"
"4","N[2]",1.02881299453498,1.09935163445481,"true"
"5","N[3]",1.07163720172892,1.22539602273781,"true"
"6","N[4]",0.996238622965138,0.99874843032042,"true"
"7","N[5]",1.01120979626717,1.05134791484376,"true"
"8","N[6]",1.01404266911676,1.0576302493822,"true"
"9","N[7]",1.0222419622133,1.06038982908831,"true"
"10","N[8]",1.04654373671146,1.1629585232443,"true"
"11","N[9]",1.08375733337318,1.26439153113462,"true"
"12","N[10]",1.11014502207291,1.35128426130997,"true"
"13","N[11]",1.03796668457216,1.13824833814089,"true"
"14","N[12]",1.04208778618472,1.07400574229028,"true"
"15","N[13]",1.01449504523507,1.04896383157499,"true"
"16","N[14]",1.00409252519687,1.02130873344247,"true"
"17","N[15]",1.03981690926403,1.11617627006045,"true"
"18","N[16]",1.03789864999284,1.13753417543916,"true"
"19","N[17]",1.00114155673192,1.01087172040658,"true"
"20","N[18]",1.00325615882925,1.02123610556111,"true"
"21","N[19]",0.996990226637348,0.997456051567163,"true"
"22","N[20]",1.00615778896572,1.00736672473583,"true"
"23","N[21]",1.03794503987392,1.13651246888633,"true"
"24","N[22]",1.01018979182982,1.02609174223332,"true"
"25","N[23]",1.00473538624433,1.01793371899056,"true"
"26","N[24]",1.00317076365195,1.0242082827185,"true"
"27","N[25]",1.0060055445096,1.0125682712797,"true"
"28","N[26]",1.00042719371959,1.00725303218301,"true"
"29","N[27]",1.02512378600761,1.0892747588441,"true"
"30","N[28]",0.997992380686966,1.00192419519094,"true"
"31","N[29]",0.997243868753178,1.00224058231735,"true"
"32","N[30]",1.07011345305764,1.23390803249305,"true"
"33","N[31]",1.00114316251587,1.01020683526187,"true"
"34","N[32]",1.00305776355181,1.02251954063035,"true"
"35","N[33]",1.08142972586042,1.26836301857037,"true"
"36","N[34]",1.02106331553931,1.07445113327067,"true"
"37","N[35]",1.02184375792203,1.08207685799819,"true"
"38","N[36]",0.997940851136419,1.00525400307699,"true"
"39","N[37]",1.02572233587853,1.08936739662121,"true"
"40","N[38]",1.0338019471175,1.12246611298948,"true"
"41","N[39]",1.03434698288622,1.12359251505902,"true"
"42","N[40]",1.001669102682,1.01848052085156,"true"
"43","N[41]",1.00222407179811,1.00415639374319,"true"
"44","N.ya[1,1]",1.0313049724383,1.11404290462022,"true"
"45","N.ya[2,1]",1.00352830191365,1.01521301364501,"true"
"46","N.ya[3,1]",1.00532402698773,1.03183081678988,"true"
"47","N.ya[4,1]",1.01849612497853,1.07581414378646,"true"
"48","N.ya[5,1]",1.05815983774186,1.18308500947898,"true"
"49","N.ya[6,1]",1.00592589331467,1.01354694077951,"true"
"50","N.ya[7,1]",1.04014800178494,1.10052297375813,"true"
"51","N.ya[8,1]",1.10195942590624,1.32876877436802,"true"
"52","N.ya[9,1]",1.0208331942771,1.07868707995658,"true"
"53","N.ya[10,1]",1.0079022741153,1.04046734353401,"true"
"54","N.ya[11,1]",1.07001659395239,1.138356990681,"true"
"55","N.ya[12,1]",1.19963340140962,1.58847822638255,"true"
"56","N.ya[13,1]",1.00120495720472,1.0040500442039,"true"
"57","N.ya[14,1]",1.01816579442926,1.0278308178788,"true"
"58","N.ya[15,1]",1.02542823943665,1.05204263474565,"true"
"59","N.ya[16,1]",1.01579839330025,1.05004719048149,"true"
"60","N.ya[17,1]",1.00381367754149,1.01001901060594,"true"
"61","N.ya[18,1]",1.06671448992337,1.22231415539346,"true"
"62","N.ya[19,1]",1.01375294393989,1.05640753681214,"true"
"63","N.ya[20,1]",1.00420609426461,1.01455000211598,"true"
"64","N.ya[21,1]",1.11501445027541,1.33561338929369,"true"
"65","N.ya[22,1]",1.01182660506869,1.05368351258379,"true"
"66","N.ya[23,1]",1.15248676228682,1.48429963152331,"true"
"67","N.ya[24,1]",1.05023237948606,1.13050572407127,"true"
"68","N.ya[25,1]",1.0064088283818,1.03072096712823,"true"
"69","N.ya[26,1]",1.01731982451692,1.05386181123758,"true"
"70","N.ya[27,1]",1.00701474490616,1.02311847019912,"true"
"71","N.ya[28,1]",1.00657048697548,1.03044957087555,"true"
"72","N.ya[29,1]",1.18277412619544,1.55713808946672,"true"
"73","N.ya[30,1]",1.08289899484123,1.26548109614803,"true"
"74","N.ya[31,1]",1.06794180420895,1.2130258177461,"true"
"75","N.ya[32,1]",1.03265517179045,1.11300322342046,"true"
"76","N.ya[33,1]",1.00083408459702,1.00601404821972,"true"
"77","N.ya[34,1]",1.00929946493727,1.03946783042422,"true"
"78","N.ya[35,1]",1.12408699590889,1.35963503013906,"true"
"79","N.ya[36,1]",1.0369851805856,1.11075938006509,"true"
"80","N.ya[37,1]",1.05736217971475,1.18902549094123,"true"
"81","N.ya[38,1]",1.04034537011208,1.09932568919371,"true"
"82","N.ya[39,1]",1.0025595638353,1.00862334457155,"true"
"83","N.ya[40,1]",1.0224706374699,1.07162676695322,"true"
"84","N.ya[41,1]",1.01143981695039,1.02451591309121,"true"
"85","N.ya[1,2]",1.08637461385553,1.28021145232623,"true"
"86","N.ya[2,2]",1.0065177985321,1.0191166021855,"true"
"87","N.ya[3,2]",1.05725746958491,1.19414591140945,"true"
"88","N.ya[4,2]",1.10233316922947,1.31281518361202,"true"
"89","N.ya[5,2]",1.03519424889945,1.12505608822633,"true"
"90","N.ya[6,2]",1.00918360288882,1.04405041607121,"true"
"91","N.ya[7,2]",1.00217107978688,1.01418910444134,"true"
"92","N.ya[8,2]",1.06945286572878,1.23071520042159,"true"
"93","N.ya[9,2]",1.00207147459236,1.00223055578003,"true"
"94","N.ya[10,2]",1.31233625505667,1.83813535238097,"false"
"95","N.ya[11,2]",1.18744324550764,1.55450288047822,"true"
"96","N.ya[12,2]",1.06942108394221,1.23484086801472,"true"
"97","N.ya[13,2]",1.11092891826705,1.350085759158,"true"
"98","N.ya[14,2]",1.02007440608331,1.07411975116726,"true"
"99","N.ya[15,2]",1.02012636904077,1.05094270579888,"true"
"100","N.ya[16,2]",1.10708476318228,1.33758163315585,"true"
"101","N.ya[17,2]",1.05582641132909,1.1933284444029,"true"
"102","N.ya[18,2]",1.0323851902612,1.10305436067322,"true"
"103","N.ya[19,2]",1.00711804758206,1.0298878594591,"true"
"104","N.ya[20,2]",1.01369459620432,1.0511228391654,"true"
"105","N.ya[21,2]",1.33187601560005,1.89377364745426,"false"
"106","N.ya[22,2]",1.26756285402681,1.73233677100249,"false"
"107","N.ya[23,2]",1.07385467470678,1.21411405453747,"true"
"108","N.ya[24,2]",1.06274767713581,1.18507101370883,"true"
"109","N.ya[25,2]",1.20996476678387,1.60196986063212,"false"
"110","N.ya[26,2]",1.09739112989454,1.30578277865555,"true"
"111","N.ya[27,2]",1.0216194244559,1.02809289008273,"true"
"112","N.ya[28,2]",0.999266284385661,1.00640330589976,"true"
"113","N.ya[29,2]",1.03434696860766,1.11393276207169,"true"
"114","N.ya[30,2]",1.0194119576893,1.07147616479839,"true"
"115","N.ya[31,2]",1.04743704444047,1.1648419371676,"true"
"116","N.ya[32,2]",1.00319860926725,1.02361389692541,"true"
"117","N.ya[33,2]",1.15523054755011,1.46663249245737,"true"
"118","N.ya[34,2]",1.31244554843189,1.84062445699719,"false"
"119","N.ya[35,2]",1.03209425678931,1.10512435168732,"true"
"120","N.ya[36,2]",1.02229080975181,1.07519808064022,"true"
"121","N.ya[37,2]",1.02691236185973,1.0858201937194,"true"
"122","N.ya[38,2]",1.01865343477978,1.0743204070741,"true"
"123","N.ya[39,2]",0.999282218752233,1.00922838425099,"true"
"124","N.ya[40,2]",1.02837793008218,1.08511925627123,"true"
"125","N.ya[41,2]",1.01053406237292,1.04698668450663,"true"
"126","N.ya[1,3]",1.00431127295552,1.0279157477213,"true"
"127","N.ya[2,3]",1.19388640414731,1.56017137478462,"true"
"128","N.ya[3,3]",1.15401371415018,1.4623493573773,"true"
"129","N.ya[4,3]",1.24827560331434,1.71253943190983,"false"
"130","N.ya[5,3]",1.01617779719224,1.05481723181352,"true"
"131","N.ya[6,3]",1.04585359742247,1.16203628153024,"true"
"132","N.ya[7,3]",1.11235346997964,1.33091602688017,"true"
"133","N.ya[8,3]",1.04765303531924,1.13521789751552,"true"
"134","N.ya[9,3]",1.22943166923429,1.64201368336366,"false"
"135","N.ya[10,3]",1.00834690570047,1.01037523190535,"true"
"136","N.ya[11,3]",1.06181987119808,1.20658457412372,"true"
"137","N.ya[12,3]",1.28655820793972,1.77850229171207,"false"
"138","N.ya[13,3]",1.03876035573653,1.1368036505216,"true"
"139","N.ya[14,3]",1.12611399463595,1.39483414135486,"true"
"140","N.ya[15,3]",1.05284974543233,1.18500623817338,"true"
"141","N.ya[16,3]",1.01626554558283,1.05370299462077,"true"
"142","N.ya[17,3]",1.07990889375085,1.26105657143116,"true"
"143","N.ya[18,3]",1.00986378045874,1.04561312756337,"true"
"144","N.ya[19,3]",1.00506162018225,1.02621845489414,"true"
"145","N.ya[20,3]",1.01863456190177,1.05827105851141,"true"
"146","N.ya[21,3]",1.29613834469201,1.90568910028926,"false"
"147","N.ya[22,3]",1.44459963538736,2.2021621672439,"false"
"148","N.ya[23,3]",1.05579667313088,1.16178406441446,"true"
"149","N.ya[24,3]",1.01427338298836,1.05464143066255,"true"
"150","N.ya[25,3]",1.04029615074655,1.13621488670098,"true"
"151","N.ya[26,3]",1.26705040895408,1.73607133698435,"false"
"152","N.ya[27,3]",1.04303547855904,1.13756341084631,"true"
"153","N.ya[28,3]",1.00458669791294,1.02705142941265,"true"
"154","N.ya[29,3]",1.05796970436606,1.19508261531005,"true"
"155","N.ya[30,3]",1.08172367964972,1.25670113773087,"true"
"156","N.ya[31,3]",1.08088019575965,1.26937157276018,"true"
"157","N.ya[32,3]",1.06073976602979,1.20767760910589,"true"
"158","N.ya[33,3]",1.25877610394546,1.80737032052811,"false"
"159","N.ya[34,3]",1.53572037374117,2.38149736609961,"false"
"160","N.ya[35,3]",1.11803915074098,1.36643227871345,"true"
"161","N.ya[36,3]",0.998025477678954,1.00569497658587,"true"
"162","N.ya[37,3]",1.08012102831257,1.26297954013259,"true"
"163","N.ya[38,3]",1.02461948302849,1.09309120362445,"true"
"164","N.ya[39,3]",1.03320707223512,1.12258574506985,"true"
"165","N.ya[40,3]",1.03388290041735,1.11623870004974,"true"
"166","N.ya[41,3]",1.02233621071199,1.08903449196386,"true"
"167","R[1]",1.12399105524132,1.38207811252698,"true"
"168","R[2]",1.01953759565906,1.07242966770375,"true"
"169","R[3]",1.04051197357739,1.14549661488796,"true"
"170","R[4]",1.02526511297941,1.08365332070346,"true"
"171","R[5]",1.04404168814501,1.14705256693021,"true"
"172","R[6]",1.01569397819227,1.0644244573982,"true"
"173","R[7]",1.04052175155392,1.12772319558232,"true"
"174","R[8]",1.01163408742872,1.04008717362325,"true"
"175","R[9]",1.01116436093498,1.03305474664544,"true"
"176","R[10]",0.99913945233722,1.00693927359303,"true"
"177","R[11]",1.01520233893744,1.06287521632145,"true"
"178","R[12]",0.998686427609889,1.00745438568779,"true"
"179","R[13]",0.999307922801851,1.0061095937904,"true"
"180","R[14]",1.03383631991638,1.1256097165789,"true"
"181","R[15]",1.0518074874331,1.15973505230723,"true"
"182","R[16]",1.00597244731771,1.02777710318829,"true"
"183","R[17]",1.00576149006435,1.03212425672782,"true"
"184","R[18]",1.00161153676199,1.00166715261584,"true"
"185","R[19]",1.01582942227867,1.05954465363796,"true"
"186","R[20]",1.01380145694887,1.05887595627863,"true"
"187","R[21]",1.25141514605477,1.7122447668998,"false"
"188","R[22]",1.20467852764402,1.59579385669377,"false"
"189","R[23]",1.17796216207277,1.52077309995072,"true"
"190","R[24]",1.02350353453862,1.08207868635436,"true"
"191","R[25]",1.01007537287318,1.02931132667575,"true"
"192","R[26]",1.00791446576102,1.02629852376348,"true"
"193","R[27]",1.0177224819635,1.07266006242916,"true"
"194","R[28]",1.00377556716778,1.00828561625499,"true"
"195","R[29]",1.01449866012057,1.05534278316083,"true"
"196","R[30]",0.995773308220394,0.99749587590862,"true"
"197","R[31]",0.998158277041076,1.00618047022844,"true"
"198","R[32]",1.01213899969147,1.03202105677827,"true"
"199","R[33]",1.08869658815627,1.2771519090001,"true"
"200","R[34]",1.20121166485631,1.584330796409,"false"
"201","R[35]",1.12161025974706,1.37415303283057,"true"
"202","R[36]",1.00875670867942,1.03683434911996,"true"
"203","R[37]",1.03328912976785,1.11797242657037,"true"
"204","R[38]",1.00524689843833,1.02103225984585,"true"
"205","R[39]",1.01411204095228,1.05665243026195,"true"
"206","R[40]",0.9972645523215,1.0009619160653,"true"
"207","R[41]",1.00517430063771,1.01522519024304,"true"
"208","R[42]",1.09014805071053,1.27459345505446,"true"
"209","R[43]",1.01701499429587,1.03217135361844,"true"
"210","S[1]",1.01663997231532,1.06751255302318,"true"
"211","S[2]",1.02842980645223,1.09689808131795,"true"
"212","S[3]",1.02999045479011,1.11169108280272,"true"
"213","S[4]",1.01140594877631,1.04792181754481,"true"
"214","S[5]",1.00893519549273,1.04427851565709,"true"
"215","S[6]",1.01418509505926,1.06215683005684,"true"
"216","S[7]",1.01527691957465,1.02024039737128,"true"
"217","S[8]",1.01621651096623,1.05722074290488,"true"
"218","S[9]",1.05595875754742,1.19107062208739,"true"
"219","S[10]",1.03263983286937,1.12137041965909,"true"
"220","S[11]",1.01436815344799,1.04143024632805,"true"
"221","S[12]",1.0071035110219,1.01440248178938,"true"
"222","S[13]",1.00436417103436,1.01704267437574,"true"
"223","S[14]",1.01182210534093,1.05180809453737,"true"
"224","S[15]",1.01253437747495,1.0531409707999,"true"
"225","S[16]",1.01287559588912,1.04631645752887,"true"
"226","S[17]",1.00456674746088,1.02205635825458,"true"
"227","S[18]",1.00751752190168,1.03637522327768,"true"
"228","S[19]",1.01230577506278,1.05041686814689,"true"
"229","S[20]",1.0039573672229,1.01176016133273,"true"
"230","S[21]",1.05067193302775,1.17165366820004,"true"
"231","S[22]",1.00736582118032,1.01690308498843,"true"
"232","S[23]",1.00293909743226,1.01999092081834,"true"
"233","S[24]",0.999215072461353,1.00835283780944,"true"
"234","S[25]",1.00153097675714,1.00726132529648,"true"
"235","S[26]",1.00360346584876,1.01630705285155,"true"
"236","S[27]",1.02242811314988,1.08737824689648,"true"
"237","S[28]",1.00172958191853,1.01685445555793,"true"
"238","S[29]",1.00020615142177,1.00127344233953,"true"
"239","S[30]",1.05765191752708,1.19695875485422,"true"
"240","S[31]",0.999886903253078,1.00879812147103,"true"
"241","S[32]",1.00130189761277,1.01385097165621,"true"
"242","S[33]",1.06531029732466,1.22095783945922,"true"
"243","S[34]",1.03981860189737,1.14476754864813,"true"
"244","S[35]",1.003334945974,1.02124490850929,"true"
"245","S[36]",0.997977467964619,1.00384872097356,"true"
"246","S[37]",1.01705540607736,1.0577431976733,"true"
"247","S[38]",1.04454543120125,1.15715431460553,"true"
"248","S[39]",0.998983183414991,1.00043865623968,"true"
"249","S[40]",0.999882337153973,1.01232541235308,"true"
"250","S[41]",1.00749966390455,1.03461916649596,"true"
"251","S.eq.c",1.02308789171555,1.03345926482243,"true"
"252","S.eq.c2",1.02308789171555,1.03345926482243,"true"
"253","S.max",1.02329935001324,1.02779851890849,"true"
"254","S.msy.c",1.01895270733727,1.02761990897971,"true"
"255","S.msy.c2",1.01893687331976,1.02749298420558,"true"
"256","U.max.c2",1.00350737220523,1.00368075364015,"true"
"257","U.msy.c",1.00109760581696,1.00194937105195,"true"
"258","U.msy.c2",1.0011986068215,1.00199748393844,"true"
"259","alpha",1.0029544623404,1.00876429056539,"true"
"260","alpha.c",1.00020764530794,1.00430654682017,"true"
"261","beta",1.00573827322748,1.0180945308018,"true"
"262","h.below[1]",1.02192552279734,1.08558703721391,"true"
"263","h.below[2]",1.02883177229532,1.10917224803248,"true"
"264","h.below[3]",1.02784913323378,1.09683813625087,"true"
"265","h.below[4]",1.0016314178489,1.01060751741138,"true"
"266","h.below[5]",0.999051402644711,1.00848135456511,"true"
"267","h.below[6]",1.01015276452894,1.04713750812469,"true"
"268","h.below[7]",1.02057916352652,1.08250730663984,"true"
"269","h.below[8]",1.05783979397621,1.19961461744227,"true"
"270","h.below[9]",1.0315632753513,1.1137506041644,"true"
"271","h.below[10]",1.07091194624443,1.23825492604573,"true"
"272","h.below[11]",1.03297847414921,1.12181483567244,"true"
"273","h.below[12]",1.02780652898021,1.102808216694,"true"
"274","h.below[13]",1.01542008158158,1.0634767902823,"true"
"275","h.below[14]",0.996307416217929,0.999296857128245,"true"
"276","h.below[15]",1.04447500303466,1.1195176514872,"true"
"277","h.below[16]",1.02368901138097,1.08993083471456,"true"
"278","h.below[17]",1.01367495686608,1.05205452454616,"true"
"279","h.below[18]",1.00694436791566,1.01204008458882,"true"
"280","h.below[19]",1.00160910539173,1.01810467169677,"true"
"281","h.below[20]",0.999779445425354,1.0028443534996,"true"
"282","h.below[21]",1.01592213376603,1.05946881393309,"true"
"283","h.below[22]",1.01009302037196,1.03408440242918,"true"
"284","h.below[23]",1.00477336271483,1.02488068138437,"true"
"285","h.below[24]",1.01183658386045,1.03795317750864,"true"
"286","h.below[25]",1.01275343463522,1.01547792109572,"true"
"287","h.below[26]",0.99595599377837,0.996557717831726,"true"
"288","h.below[27]",1.03050634872962,1.09039577815741,"true"
"289","h.below[28]",0.998836251884842,1.00254857540636,"true"
"290","h.below[29]",1.01025337202586,1.02656551146345,"true"
"291","h.below[30]",1.00570966056458,1.03246338045572,"true"
"292","h.below[31]",0.995878147185417,0.996733828530716,"true"
"293","h.below[32]",1.00546910030154,1.01884304675795,"true"
"294","h.below[33]",1.01356789776132,1.03938552907657,"true"
"295","h.below[34]",1.00030915782358,1.00652196632385,"true"
"296","h.below[35]",1.02809044312014,1.10235587782232,"true"
"297","h.below[36]",0.998013618643095,1.00199137658024,"true"
"298","h.below[37]",1.01209834461669,1.03555760647365,"true"
"299","h.below[38]",1.00228532432521,1.01567464612677,"true"
"300","h.below[39]",1.04597083185096,1.15757713469783,"true"
"301","h.below[40]",1.00015681032219,1.00812893730681,"true"
"302","h.below[41]",1.02455436551851,1.06833301433456,"true"
"303","lnalpha",1.00253659460177,1.00459818432622,"true"
"304","lnalpha.c",1.00019731475683,1.0019366417253,"true"
"305","log.qS.mr[1]",1.00778985490809,1.0366001840905,"true"
"306","log.qS.mr[2]",1.02466359035366,1.08910562576985,"true"
"307","log.qS.mr[3]",1.02301119562958,1.08232321986577,"true"
"308","log.qS.mr[4]",1.0104620761195,1.03072193097307,"true"
"309","log.qS.mr[5]",1.00450750107397,1.02880024386134,"true"
"310","log.qS.mr[6]",1.00789570206311,1.03449637375892,"true"
"311","log.qS.mr[7]",1.00350675728518,1.00386897291728,"true"
"312","log.qS.mr[8]",1.00623967198112,1.0319490588223,"true"
"313","log.qS.mr[9]",1.06714241215901,1.22503165525096,"true"
"314","log.qS.mr[10]",1.03593424179201,1.13295628224001,"true"
"315","log.qS.mr[11]",1.005128610331,1.02354019609437,"true"
"316","log.qS.mr[12]",1.004473568522,1.00802139737094,"true"
"317","log.qS.mr[13]",1.00508071317361,1.01757938144201,"true"
"318","log.qS.mr[14]",1.01276540137687,1.04379113392309,"true"
"319","log.qS.mr[15]",1.00926247060457,1.04120803131865,"true"
"320","log.qS.mr[16]",1.00369325117925,1.01769895275138,"true"
"321","log.qS.mr[17]",0.997805041856698,1.00311486330643,"true"
"322","log.qS.mr[18]",1.00280411324531,1.01830515534,"true"
"323","log.qS.mr[19]",1.00289558053282,1.01928439702,"true"
"324","log.qS.mr[20]",1.00064044255787,1.01358754882054,"true"
"325","log.qS.mr[21]",1.0510110803476,1.17501810923895,"true"
"326","log.qS.mr[22]",0.996843463981927,0.999439045951818,"true"
"327","log.qS.mr[23]",0.99750468206804,1.00375056835252,"true"
"328","log.qS.mr[24]",0.998322170973451,1.00399564405448,"true"
"329","log.qS.mr[25]",1.00245342776749,1.00721976184498,"true"
"330","log.qS.mr[26]",0.999800566219601,1.00174827075646,"true"
"331","log.qS.mr[27]",1.0143491830728,1.0590242733421,"true"
"332","log.qS.mr[28]",0.996863007222383,1.00073575096372,"true"
"333","log.qS.mr[29]",1.00105228265376,1.00836588016261,"true"
"334","log.qS.mr[30]",1.04898877224251,1.17237224263182,"true"
"335","log.qS.mr[31]",1.00301405755467,1.02137225657253,"true"
"336","log.qS.mr[32]",0.997943972873511,1.00084740749695,"true"
"337","log.qS.mr[33]",1.09393501870752,1.30194949392834,"true"
"338","log.qS.mr[34]",1.01609692905876,1.05006204908577,"true"
"339","log.qS.mr[35]",0.998541222802507,1.00750727105408,"true"
"340","log.qS.mr[36]",1.00688205181222,1.03608339753307,"true"
"341","log.qS.mr[37]",1.01552253404885,1.03277208084032,"true"
"342","log.qS.mr[38]",1.06845951016679,1.22876067577843,"true"
"343","log.qS.mr[39]",1.00590730332489,1.02647957683488,"true"
"344","log.qS.mr[40]",1.00618727716369,1.03435398051262,"true"
"345","log.qS.mr[41]",1.02114753047079,1.08391537554288,"true"
"346","log.qS.weir[1]",1.00226991389705,1.01963010450784,"true"
"347","log.qS.weir[2]",1.01616907574153,1.05701701572918,"true"
"348","log.qS.weir[3]",1.01535822519683,1.05391678471843,"true"
"349","log.qS.weir[4]",0.996581190171451,0.998018782256985,"true"
"350","log.qS.weir[5]",0.999364388235326,1.00735661082894,"true"
"351","log.qS.weir[6]",1.0041980102068,1.01593226092013,"true"
"352","log.qS.weir[7]",1.00683330216987,1.01113132182992,"true"
"353","log.qS.weir[8]",1.01069371231159,1.04568052121153,"true"
"354","log.qS.weir[9]",1.05521951152374,1.18633197423216,"true"
"355","log.qS.weir[10]",1.03631396459847,1.13440911925176,"true"
"356","log.qS.weir[11]",1.00637885072532,1.00937324418207,"true"
"357","log.qS.weir[12]",1.00072548515694,1.00538012065845,"true"
"358","log.qS.weir[13]",1.00276538346174,1.01812507342912,"true"
"359","log.qS.weir[14]",1.02934635645741,1.11132017552691,"true"
"360","log.qS.weir[15]",1.00348219635132,1.01097587666475,"true"
"361","log.qS.weir[16]",1.00256362718712,1.00349537379339,"true"
"362","log.qS.weir[17]",1.00502686075914,1.01906490580757,"true"
"363","log.qS.weir[18]",1.00099369115666,1.00641040222979,"true"
"364","log.qS.weir[19]",0.997159166423751,1.00056648874784,"true"
"365","log.qS.weir[20]",1.00568631463146,1.0321756033485,"true"
"366","log.qS.weir[21]",1.02542506765467,1.09350114204374,"true"
"367","log.qS.weir[22]",0.995631935064936,0.997215732194188,"true"
"368","log.qS.weir[23]",0.998572474657702,1.00419689386978,"true"
"369","log.qS.weir[24]",1.01642189441888,1.06080980341346,"true"
"370","log.qS.weir[25]",1.01700942362897,1.06958644010345,"true"
"371","log.qS.weir[26]",0.998557083012778,1.0068023918807,"true"
"372","log.qS.weir[27]",1.01171015248316,1.04938295494346,"true"
"373","log.qS.weir[28]",1.00139687504519,1.0153123619721,"true"
"374","log.qS.weir[29]",1.01794120988101,1.05616687590757,"true"
"375","log.qS.weir[30]",1.02619542951585,1.10023177682289,"true"
"376","log.qS.weir[31]",1.01163426535075,1.04404433450655,"true"
"377","log.qS.weir[32]",1.00921090515051,1.03744019080245,"true"
"378","log.qS.weir[33]",1.09153177681101,1.29678129536256,"true"
"379","log.qS.weir[34]",1.01461306089574,1.05093521004969,"true"
"380","log.qS.weir[35]",1.01486403907301,1.05950909797673,"true"
"381","log.qS.weir[36]",1.01465029222419,1.06243305010564,"true"
"382","log.qS.weir[37]",1.00716049605887,1.01733744086922,"true"
"383","log.qS.weir[38]",1.06935614104693,1.22959121563236,"true"
"384","log.qS.weir[39]",1.01559452181485,1.06222634716628,"true"
"385","log.qS.weir[40]",1.02045742586421,1.08156680583495,"true"
"386","log.qS.weir[41]",1.03424231109094,1.12424425849877,"true"
"387","log.resid[7]",1.0022137834437,1.01522495284506,"true"
"388","log.resid[8]",0.998792836284202,0.999222929068422,"true"
"389","log.resid[9]",0.99707611195603,0.997173059877917,"true"
"390","log.resid[10]",0.997822094074928,1.00046324249611,"true"
"391","log.resid[11]",1.00283586168823,1.00406042729088,"true"
"392","log.resid[12]",0.996168021662322,0.996940936938762,"true"
"393","log.resid[13]",1.00808945171332,1.0092698496689,"true"
"394","log.resid[14]",1.00995386819076,1.02868415223848,"true"
"395","log.resid[15]",1.00273541320447,1.00713472598316,"true"
"396","log.resid[16]",1.0062216438472,1.03328857294972,"true"
"397","log.resid[17]",0.999513149326392,1.00642096937548,"true"
"398","log.resid[18]",0.996759423256752,0.997588601895106,"true"
"399","log.resid[19]",1.00099975795951,1.00715160749031,"true"
"400","log.resid[20]",0.998306121028684,1.00084556176248,"true"
"401","log.resid[21]",1.16502501699624,1.48124807506001,"true"
"402","log.resid[22]",1.0750832384024,1.25105649979634,"true"
"403","log.resid[23]",1.12167546604071,1.3697831160337,"true"
"404","log.resid[24]",1.00606475675415,1.03136187834603,"true"
"405","log.resid[25]",1.0006927007038,1.01389413107089,"true"
"406","log.resid[26]",1.00760221187556,1.01833093984958,"true"
"407","log.resid[27]",0.998439297511939,1.00180557100241,"true"
"408","log.resid[28]",1.00155427616445,1.00848466246117,"true"
"409","log.resid[29]",1.00431418989588,1.0210609329322,"true"
"410","log.resid[30]",1.0018303463024,1.01071993670224,"true"
"411","log.resid[31]",1.00082217921874,1.00382192769917,"true"
"412","log.resid[32]",0.996278853003845,0.996732731090615,"true"
"413","log.resid[33]",1.01590076995712,1.0608570752886,"true"
"414","log.resid[34]",1.01616728725507,1.06306861738301,"true"
"415","log.resid[35]",1.01074892924856,1.04500105022696,"true"
"416","log.resid[36]",1.0078665334845,1.03952246103146,"true"
"417","log.resid[37]",1.00413095033433,1.01861395926027,"true"
"418","log.resid[38]",0.997014497779342,0.997042815095494,"true"
"419","log.resid[39]",1.00211181275944,1.01109243465193,"true"
"420","log.resid[40]",1.00024162721026,1.01082241955818,"true"
"421","log.resid[41]",1.0020663223539,1.0040637504755,"true"
"422","log.resid[42]",1.04395028875797,1.13655601064162,"true"
"423","log.resid[43]",1.00250296157992,1.01571214087156,"true"
"424","log.resid.0",0.996254209753194,0.999064947530388,"true"
"425","mean.log.RO",1.04097864492498,1.14117197547919,"true"
"426","mu.hbelow[1]",1.02043115941463,1.07807732168063,"true"
"427","mu.hbelow[2]",1.02453951026497,1.0949100352191,"true"
"428","mu.hbelow[3]",0.995337455100721,0.995887027812619,"true"
"429","mu.hbelow[4]",1.01445063094855,1.05023736145985,"true"
"430","mu.hbelow[5]",1.00337988638376,1.01522372049772,"true"
"431","mu.hbelow[6]",1.017984473128,1.0654593831706,"true"
"432","mu.hbelow[7]",1.00647705000063,1.01490038611834,"true"
"433","mu.hbelow[8]",1.00078315825668,1.00883987413946,"true"
"434","mu.hbelow[9]",1.02013370065072,1.07008182591412,"true"
"435","mu.hbelow[10]",0.996402283895954,0.99806127375612,"true"
"436","mu.hbelow[11]",1.01593828458014,1.0434636337763,"true"
"437","mu.hbelow[12]",1.01697113999105,1.06867492521621,"true"
"438","mu.hbelow[13]",1.00866841448193,1.03527707367474,"true"
"439","mu.hbelow[14]",1.01029255980217,1.03433424533215,"true"
"440","mu.hbelow[15]",1.01902117960343,1.06184584822141,"true"
"441","mu.hbelow[16]",0.999587292913668,1.00763038431958,"true"
"442","mu.hbelow[17]",1.0161388317351,1.06007067133562,"true"
"443","mu.hbelow[18]",1.00489555976069,1.02860637621238,"true"
"444","mu.hbelow[19]",1.01422931541117,1.05944403909476,"true"
"445","mu.hbelow[20]",0.999842255075183,1.01011109604601,"true"
"446","mu.hbelow[21]",1.03616331560665,1.12890490675674,"true"
"447","mu.hbelow[22]",1.01086949509819,1.0234744914979,"true"
"448","mu.hbelow[23]",1.01760994201287,1.04435975194253,"true"
"449","mu.hbelow[24]",1.0126113629502,1.03590818782007,"true"
"450","mu.hbelow[25]",1.00231310551732,1.00261885584813,"true"
"451","mu.hbelow[26]",1.00925128700831,1.01596988640921,"true"
"452","mu.hbelow[27]",1.02048777996664,1.08000767164372,"true"
"453","mu.hbelow[28]",1.00135431608168,1.01576483493503,"true"
"454","mu.hbelow[29]",1.00192397431982,1.01108292770894,"true"
"455","mu.hbelow[30]",1.00586231412349,1.03201822840784,"true"
"456","mu.hbelow[31]",0.997342932537664,1.00163167480606,"true"
"457","mu.hbelow[32]",0.999812008018095,1.00338175289717,"true"
"458","mu.hbelow[33]",1.00421726105783,1.01482132178412,"true"
"459","mu.hbelow[34]",1.00448193295375,1.02692262102046,"true"
"460","mu.hbelow[35]",1.02276394203688,1.08761558957896,"true"
"461","mu.hbelow[36]",0.998491766360897,1.0007645521231,"true"
"462","mu.hbelow[37]",1.00606601022463,1.00676347440033,"true"
"463","mu.hbelow[38]",1.01447067534782,1.0436341598963,"true"
"464","mu.hbelow[39]",1.03686579990222,1.13262447419219,"true"
"465","mu.hbelow[40]",1.00020494589488,1.00428351585051,"true"
"466","mu.hbelow[41]",1.02523378000696,1.0882931804784,"true"
"467","p[1,1]",1.1634741438123,1.54690927873045,"true"
"468","p[2,1]",1.02762610021802,1.04003037190662,"true"
"469","p[3,1]",1.06095214647414,1.20695171554633,"true"
"470","p[4,1]",1.01685149590355,1.04382706724703,"true"
"471","p[5,1]",1.00541629166755,1.02452317184638,"true"
"472","p[6,1]",1.02002920735401,1.08039248185765,"true"
"473","p[7,1]",1.06869665609499,1.21719097615278,"true"
"474","p[8,1]",1.00560313133889,1.01027208209586,"true"
"475","p[9,1]",1.03095530611036,1.08637018166546,"true"
"476","p[10,1]",1.10770203573336,1.34661843689333,"true"
"477","p[11,1]",1.02233381921638,1.08041948076954,"true"
"478","p[12,1]",1.00575249884884,1.03350855467155,"true"
"479","p[13,1]",1.06541050186784,1.13895064959006,"true"
"480","p[14,1]",1.18589420046186,1.54229587898134,"true"
"481","p[15,1]",1.00175120667051,1.00919815344545,"true"
"482","p[16,1]",1.02341956356727,1.03823504620825,"true"
"483","p[17,1]",1.01933761980666,1.0427809187386,"true"
"484","p[18,1]",1.01437369125565,1.04816945654667,"true"
"485","p[19,1]",1.00165273240201,1.00919886484036,"true"
"486","p[20,1]",1.06462139490274,1.21499177402774,"true"
"487","p[21,1]",1.04185431113925,1.14131351945039,"true"
"488","p[22,1]",1.01326293562133,1.04190187775504,"true"
"489","p[23,1]",1.07897285310716,1.22853472400651,"true"
"490","p[24,1]",1.02442494396786,1.09543912522927,"true"
"491","p[25,1]",1.15418626859452,1.48858034768677,"true"
"492","p[26,1]",1.03668563153037,1.10015252606709,"true"
"493","p[27,1]",1.00382909188145,1.02084647324888,"true"
"494","p[28,1]",1.01575672409424,1.053636589213,"true"
"495","p[29,1]",1.00361144729518,1.01764658158194,"true"
"496","p[30,1]",1.0047950989568,1.02588775535108,"true"
"497","p[31,1]",1.22049795054485,1.66068237652547,"false"
"498","p[32,1]",1.09205102740026,1.29819603107546,"true"
"499","p[33,1]",1.13237880133965,1.39548391005478,"true"
"500","p[34,1]",1.01262690118298,1.04839239554159,"true"
"501","p[35,1]",1.004500793217,1.02323188015826,"true"
"502","p[36,1]",1.01990684902272,1.07250797639438,"true"
"503","p[37,1]",1.09601199582082,1.27541387430392,"true"
"504","p[38,1]",1.02485770123622,1.08046691405607,"true"
"505","p[39,1]",1.04648200576376,1.15647303955511,"true"
"506","p[40,1]",1.04098618575767,1.10738721639473,"true"
"507","p[41,1]",1.00322317447195,1.01132662937277,"true"
"508","p[42,1]",1.07143668524472,1.19314747990224,"true"
"509","p[43,1]",1.02187811726829,1.05555586939981,"true"
"510","p[1,2]",1.13404663860361,1.41454615780315,"true"
"511","p[2,2]",1.16640237407565,1.51549019234784,"true"
"512","p[3,2]",1.066463361913,1.20862645520151,"true"
"513","p[4,2]",1.34420326207149,1.91139457650877,"false"
"514","p[5,2]",1.07597224065234,1.24381653772493,"true"
"515","p[6,2]",1.0882905366323,1.26578979582706,"true"
"516","p[7,2]",1.05510099004856,1.17307354618057,"true"
"517","p[8,2]",1.05383712604801,1.13282202706079,"true"
"518","p[9,2]",1.39644845945779,2.06867024772917,"false"
"519","p[10,2]",1.03757521892808,1.06908216186451,"true"
"520","p[11,2]",1.49266770711097,2.24622741105847,"false"
"521","p[12,2]",1.48440322270179,2.31141603552448,"false"
"522","p[13,2]",1.130253128732,1.40441474379267,"true"
"523","p[14,2]",1.31785001583637,1.93644993019273,"false"
"524","p[15,2]",1.06305597403029,1.16093621778946,"true"
"525","p[16,2]",1.02923902874938,1.06176983773223,"true"
"526","p[17,2]",1.25296749317286,1.74886136840099,"false"
"527","p[18,2]",1.07779340477034,1.2505096861559,"true"
"528","p[19,2]",1.04780649425457,1.13124846284654,"true"
"529","p[20,2]",1.04729067819023,1.14610118064761,"true"
"530","p[21,2]",1.50524455137078,2.81964260771943,"false"
"531","p[22,2]",1.75151166560462,2.81827350268868,"false"
"532","p[23,2]",1.08067852890035,1.26720432512541,"true"
"533","p[24,2]",1.03416964000696,1.11821208654754,"true"
"534","p[25,2]",1.14138862526637,1.46832549384252,"true"
"535","p[26,2]",1.74055741852602,2.95734126165278,"false"
"536","p[27,2]",1.11654171820875,1.35509464060288,"true"
"537","p[28,2]",1.01275973867368,1.02754701875528,"true"
"538","p[29,2]",1.05349463796929,1.17729659068101,"true"
"539","p[30,2]",1.13927364750809,1.40911735768297,"true"
"540","p[31,2]",1.12379793368542,1.37411554041245,"true"
"541","p[32,2]",1.18983358213605,1.54799044773778,"true"
"542","p[33,2]",1.09369874413595,1.29614533703137,"true"
"543","p[34,2]",1.75590399764922,2.86251332470562,"false"
"544","p[35,2]",1.47723053548112,2.23110478274023,"false"
"545","p[36,2]",1.01401821219374,1.05666870236957,"true"
"546","p[37,2]",1.20860663518326,1.62704304929062,"false"
"547","p[38,2]",1.05806984744179,1.19289565803406,"true"
"548","p[39,2]",1.07211808834488,1.22213355499135,"true"
"549","p[40,2]",1.05375349148345,1.11210079035708,"true"
"550","p[41,2]",1.04406553507628,1.14399801625938,"true"
"551","p[42,2]",1.14449738105171,1.45263201232192,"true"
"552","p[43,2]",1.82426700846687,3.0707726789369,"false"
"553","p[1,3]",1.15075312419149,1.46253147941139,"true"
"554","p[2,3]",1.25580227844365,1.71003511893963,"false"
"555","p[3,3]",1.15002803162812,1.44789121215728,"true"
"556","p[4,3]",1.37578624151358,1.98446547826271,"false"
"557","p[5,3]",1.05529943808869,1.1861667360983,"true"
"558","p[6,3]",1.08751734830642,1.27225514630149,"true"
"559","p[7,3]",1.09704438398881,1.29581235270373,"true"
"560","p[8,3]",1.05218539571891,1.12521253781133,"true"
"561","p[9,3]",1.35024993947077,1.94955890528879,"false"
"562","p[10,3]",1.04865317329742,1.07641451381062,"true"
"563","p[11,3]",1.46014900746908,2.18120386269684,"false"
"564","p[12,3]",1.52503847628364,2.43587577542279,"false"
"565","p[13,3]",1.10000943657163,1.3166205580569,"true"
"566","p[14,3]",1.3707329838174,2.03177442282406,"false"
"567","p[15,3]",1.0637916212436,1.1673645108665,"true"
"568","p[16,3]",1.04724021923546,1.07360116053079,"true"
"569","p[17,3]",1.23611052156588,1.71300060390872,"false"
"570","p[18,3]",1.07018082519989,1.22836880437354,"true"
"571","p[19,3]",1.04407408422818,1.1291347736667,"true"
"572","p[20,3]",1.04861165816358,1.13166419873892,"true"
"573","p[21,3]",1.49941818105819,2.79960191987812,"false"
"574","p[22,3]",1.7765920478649,2.87458848253426,"false"
"575","p[23,3]",1.20684469233979,1.61700797103117,"false"
"576","p[24,3]",1.01384715920934,1.0189303514535,"true"
"577","p[25,3]",1.11376803169192,1.30965362639335,"true"
"578","p[26,3]",1.65749361928447,2.66782318469476,"false"
"579","p[27,3]",1.13761677901981,1.42002679632907,"true"
"580","p[28,3]",1.01559483809656,1.05041398071956,"true"
"581","p[29,3]",1.05441191486033,1.18981952966069,"true"
"582","p[30,3]",1.20554219989582,1.60714784559247,"false"
"583","p[31,3]",1.16470249363911,1.53414964404623,"true"
"584","p[32,3]",1.08744548779049,1.2745701572664,"true"
"585","p[33,3]",1.19654985520893,1.58983359662951,"true"
"586","p[34,3]",1.67682953496673,2.69650357589799,"false"
"587","p[35,3]",1.47985276147408,2.25777182393032,"false"
"588","p[36,3]",1.00773355714444,1.02002999513024,"true"
"589","p[37,3]",1.08304997707179,1.26891027510095,"true"
"590","p[38,3]",1.06475879680904,1.20552606892612,"true"
"591","p[39,3]",1.07678573910639,1.24348227116653,"true"
"592","p[40,3]",1.08832672238649,1.25490457567349,"true"
"593","p[41,3]",1.0870250390386,1.25834732156557,"true"
"594","p[42,3]",1.16901117480395,1.52891682111291,"true"
"595","p[43,3]",1.87658307032309,3.23638746557787,"false"
"596","phi",1.01734356323926,1.03011238926141,"true"
"597","pi[1]",1.01114230472614,1.0394419928911,"true"
"598","pi[2]",1.20738730409004,1.59769228905616,"false"
"599","pi[3]",1.17510489115403,1.51790376495513,"true"
"600","q[1,1]",1.04312507651302,1.15121265778232,"true"
"601","q[2,1]",1.00032036755891,1.00593228045191,"true"
"602","q[3,1]",1.00146349689495,1.01815672813342,"true"
"603","q[4,1]",1.02051071635089,1.08233756127778,"true"
"604","q[5,1]",1.05812797234962,1.18457707658672,"true"
"605","q[6,1]",1.01176842110662,1.02256388302184,"true"
"606","q[7,1]",1.03680532746844,1.10426196467843,"true"
"607","q[8,1]",1.08592401566289,1.27941969585407,"true"
"608","q[9,1]",1.01935419609177,1.07511680409505,"true"
"609","q[10,1]",1.01783558254463,1.06597723362682,"true"
"610","q[11,1]",1.07296267676832,1.1685627514196,"true"
"611","q[12,1]",1.21576037615163,1.64089058481644,"false"
"612","q[13,1]",0.999925885362414,1.00563919770647,"true"
"613","q[14,1]",1.02232293498361,1.03282875833272,"true"
"614","q[15,1]",1.03232743913219,1.07084974205404,"true"
"615","q[16,1]",1.01864338437928,1.06543059396672,"true"
"616","q[17,1]",1.00187797765742,1.00614354102064,"true"
"617","q[18,1]",1.05851607151664,1.1991845223457,"true"
"618","q[19,1]",1.01475847338711,1.05856320872555,"true"
"619","q[20,1]",1.0071647229954,1.01856046702328,"true"
"620","q[21,1]",1.11629848355048,1.33586426155714,"true"
"621","q[22,1]",1.01729714382302,1.06998827186872,"true"
"622","q[23,1]",1.15360272674912,1.49577533599412,"true"
"623","q[24,1]",1.05295954616003,1.13726488643092,"true"
"624","q[25,1]",1.00541247954549,1.02802192627418,"true"
"625","q[26,1]",1.01704786844622,1.05644565802147,"true"
"626","q[27,1]",1.00277670613124,1.01622497429461,"true"
"627","q[28,1]",1.005847050004,1.03009947391507,"true"
"628","q[29,1]",1.19357085741295,1.58393101151612,"true"
"629","q[30,1]",1.09257270988158,1.30160482919082,"true"
"630","q[31,1]",1.08323521692299,1.25775273776749,"true"
"631","q[32,1]",1.0333371789935,1.11521153062157,"true"
"632","q[33,1]",1.00169317770734,1.0113814646151,"true"
"633","q[34,1]",1.00791870421238,1.03556250093677,"true"
"634","q[35,1]",1.12257815616939,1.36464489757109,"true"
"635","q[36,1]",1.04126042836871,1.12326296184407,"true"
"636","q[37,1]",1.05360133313256,1.18078495009025,"true"
"637","q[38,1]",1.03845762161454,1.1066181484312,"true"
"638","q[39,1]",1.00548756653324,1.01227562544925,"true"
"639","q[40,1]",1.01962946342903,1.07256837805313,"true"
"640","q[41,1]",1.0151454484092,1.02979495387775,"true"
"641","q[1,2]",1.05973004695911,1.20587167464337,"true"
"642","q[2,2]",1.14349192884787,1.43613231140391,"true"
"643","q[3,2]",1.14769924452515,1.44011661801674,"true"
"644","q[4,2]",1.23067647551212,1.65380170736523,"false"
"645","q[5,2]",1.02847939922887,1.10557404772676,"true"
"646","q[6,2]",1.02762974776404,1.10232222248736,"true"
"647","q[7,2]",1.04682802128339,1.16264057093562,"true"
"648","q[8,2]",1.08930064192164,1.27604250324672,"true"
"649","q[9,2]",1.1432973599914,1.42609266954794,"true"
"650","q[10,2]",1.18474987243401,1.54058483995217,"true"
"651","q[11,2]",1.22094870278106,1.62525994771789,"false"
"652","q[12,2]",1.1456884279097,1.43254732162678,"true"
"653","q[13,2]",1.11482486177799,1.36183267389886,"true"
"654","q[14,2]",1.10961567570119,1.35036757074027,"true"
"655","q[15,2]",1.03525353026667,1.11939311785547,"true"
"656","q[16,2]",1.05918599234616,1.2043799702391,"true"
"657","q[17,2]",1.09869975953662,1.31448143798631,"true"
"658","q[18,2]",1.01318106297287,1.05876212034124,"true"
"659","q[19,2]",1.01459607395169,1.05689512158971,"true"
"660","q[20,2]",1.02766302541357,1.09684488800878,"true"
"661","q[21,2]",1.33525193847671,1.91918540321821,"false"
"662","q[22,2]",1.33754298774777,1.8979093705569,"false"
"663","q[23,2]",1.06683268160032,1.1863590715481,"true"
"664","q[24,2]",1.05995203945687,1.17756541964884,"true"
"665","q[25,2]",1.19599297100323,1.56623323534321,"true"
"666","q[26,2]",1.2262017883194,1.63585725974657,"false"
"667","q[27,2]",1.0318373702677,1.08825921736333,"true"
"668","q[28,2]",0.999340766065422,1.01040731440995,"true"
"669","q[29,2]",1.03846958959786,1.13444014032392,"true"
"670","q[30,2]",1.01005235280902,1.01059083015567,"true"
"671","q[31,2]",1.1192709073044,1.37700129477287,"true"
"672","q[32,2]",1.03314824768477,1.12319697433539,"true"
"673","q[33,2]",1.21775787437672,1.63085386780443,"false"
"674","q[34,2]",1.5607854493686,2.42485049480521,"false"
"675","q[35,2]",1.05985793270796,1.20303531420007,"true"
"676","q[36,2]",1.02656091965155,1.0762242478895,"true"
"677","q[37,2]",1.01033458191404,1.04296163063495,"true"
"678","q[38,2]",1.01039116463844,1.03530624140472,"true"
"679","q[39,2]",1.00842002643789,1.04070205166091,"true"
"680","q[40,2]",1.03160193965283,1.11543738698274,"true"
"681","q[41,2]",1.01697688415049,1.07105628316629,"true"
"682","q[1,3]",1.02240536837427,1.0827968895088,"true"
"683","q[2,3]",1.14092798958999,1.42742514917509,"true"
"684","q[3,3]",1.14594309525654,1.43122748085143,"true"
"685","q[4,3]",1.25637045903814,1.70901488657142,"false"
"686","q[5,3]",1.04487892190101,1.15671244405652,"true"
"687","q[6,3]",1.03798290390475,1.13108055932482,"true"
"688","q[7,3]",1.06816533378621,1.22983056378213,"true"
"689","q[8,3]",1.04528526706204,1.15973319689241,"true"
"690","q[9,3]",1.1643503658471,1.47926400410483,"true"
"691","q[10,3]",1.1558607283223,1.46296963454902,"true"
"692","q[11,3]",1.15789796918993,1.47093289344069,"true"
"693","q[12,3]",1.33750011171072,1.90649700016946,"false"
"694","q[13,3]",1.10360957833895,1.33251048762581,"true"
"695","q[14,3]",1.1188208309829,1.37702519714818,"true"
"696","q[15,3]",1.04248638267678,1.1422063884857,"true"
"697","q[16,3]",1.04808539618999,1.16913903634515,"true"
"698","q[17,3]",1.11360923318273,1.35592147357054,"true"
"699","q[18,3]",1.04306948210929,1.15048690383851,"true"
"700","q[19,3]",1.00806170219398,1.03328493189668,"true"
"701","q[20,3]",1.02616435442999,1.08426972453563,"true"
"702","q[21,3]",1.38666232050712,2.09431071257373,"false"
"703","q[22,3]",1.48105895410102,2.26701876818337,"false"
"704","q[23,3]",1.06986877393223,1.20895092367793,"true"
"705","q[24,3]",1.05322742436335,1.15047844535655,"true"
"706","q[25,3]",1.2135623074752,1.61240582185433,"false"
"707","q[26,3]",1.31284610863916,1.84612537366351,"false"
"708","q[27,3]",1.02920710940858,1.07994668696184,"true"
"709","q[28,3]",1.0044819584412,1.02848516025479,"true"
"710","q[29,3]",1.0729414930767,1.2357696008593,"true"
"711","q[30,3]",1.01238454048846,1.03738828683226,"true"
"712","q[31,3]",1.11373485605552,1.36423195198656,"true"
"713","q[32,3]",1.05937959845799,1.19938079450755,"true"
"714","q[33,3]",1.29785220413486,1.89109203166124,"false"
"715","q[34,3]",1.55320125711681,2.42308021535143,"false"
"716","q[35,3]",1.10031762174053,1.32514549064091,"true"
"717","q[36,3]",1.00079751936085,1.01272762481096,"true"
"718","q[37,3]",1.07300176456195,1.24281767151845,"true"
"719","q[38,3]",1.02924163698005,1.08707302516844,"true"
"720","q[39,3]",1.01499829451266,1.06184222570388,"true"
"721","q[40,3]",1.04307287104477,1.14067603082846,"true"
"722","q[41,3]",1.02935048477853,1.11197430504859,"true"
"723","q.mr",1.00716475951092,1.03146609471058,"true"
"724","q.weir",1.01612188579083,1.0686099841054,"true"
"725","qS.mr[1]",1.00873145558736,1.03835027877072,"true"
"726","qS.mr[2]",1.02201784744591,1.0820440492722,"true"
"727","qS.mr[3]",1.02376806652086,1.08393635108501,"true"
"728","qS.mr[4]",1.00976078443134,1.02853946274068,"true"
"729","qS.mr[5]",1.00459153406694,1.02886654178597,"true"
"730","qS.mr[6]",1.00838595083739,1.03488890140906,"true"
"731","qS.mr[7]",1.00780984828619,1.01013781252919,"true"
"732","qS.mr[8]",1.00613293588416,1.03269987862543,"true"
"733","qS.mr[9]",1.06110179592755,1.20785468633379,"true"
"734","qS.mr[10]",1.03733393765575,1.13650736303661,"true"
"735","qS.mr[11]",1.00416505221846,1.02069845988888,"true"
"736","qS.mr[12]",1.00744404400413,1.01180618706196,"true"
"737","qS.mr[13]",1.00823295589489,1.023719496285,"true"
"738","qS.mr[14]",1.00981267604534,1.03757249485987,"true"
"739","qS.mr[15]",1.00845871693335,1.03909404817265,"true"
"740","qS.mr[16]",1.00473121730973,1.01983644729264,"true"
"741","qS.mr[17]",0.997806075142036,1.00323985247153,"true"
"742","qS.mr[18]",1.00345906893473,1.02019003145358,"true"
"743","qS.mr[19]",1.00400071907837,1.02129986107586,"true"
"744","qS.mr[20]",1.00010690181463,1.01210328243516,"true"
"745","qS.mr[21]",1.05450674738612,1.18366990655293,"true"
"746","qS.mr[22]",0.996990455629191,0.99933460121548,"true"
"747","qS.mr[23]",0.997295206135423,1.00342393822118,"true"
"748","qS.mr[24]",0.997767714010445,1.0030920430718,"true"
"749","qS.mr[25]",1.00297629307593,1.00695284945255,"true"
"750","qS.mr[26]",0.998890496771748,1.00033376360488,"true"
"751","qS.mr[27]",1.01512739371425,1.06003997658327,"true"
"752","qS.mr[28]",0.996808812834984,1.00041819905928,"true"
"753","qS.mr[29]",1.00025160360157,1.00673165497196,"true"
"754","qS.mr[30]",1.0486736737044,1.17151839830992,"true"
"755","qS.mr[31]",1.00198304882264,1.01952371677736,"true"
"756","qS.mr[32]",0.997985238920653,1.00107738678179,"true"
"757","qS.mr[33]",1.09460731126205,1.30201770774253,"true"
"758","qS.mr[34]",1.01896434571317,1.05611731700019,"true"
"759","qS.mr[35]",0.998714874259052,1.0077331222079,"true"
"760","qS.mr[36]",1.00751496981518,1.03745011780096,"true"
"761","qS.mr[37]",1.01235368395414,1.02610552830734,"true"
"762","qS.mr[38]",1.06882095494692,1.22880752320682,"true"
"763","qS.mr[39]",1.00540672335388,1.0244075874845,"true"
"764","qS.mr[40]",1.00695712993532,1.03616230020457,"true"
"765","qS.mr[41]",1.02002957485956,1.08149202666933,"true"
"766","qS.weir[1]",1.00223932051779,1.01911609092941,"true"
"767","qS.weir[2]",1.01385104003089,1.05179731404772,"true"
"768","qS.weir[3]",1.01442989808958,1.05171029112247,"true"
"769","qS.weir[4]",0.99669069752415,0.998283704368367,"true"
"770","qS.weir[5]",0.999429472852621,1.0071240862618,"true"
"771","qS.weir[6]",1.00531833394158,1.01829243581441,"true"
"772","qS.weir[7]",1.01355721671425,1.02064845570894,"true"
"773","qS.weir[8]",1.0120269578322,1.04954135878115,"true"
"774","qS.weir[9]",1.05093129780864,1.173799809475,"true"
"775","qS.weir[10]",1.03650893828249,1.13499125172557,"true"
"776","qS.weir[11]",1.00619903239394,1.00864135272119,"true"
"777","qS.weir[12]",1.00267475822318,1.00847674621535,"true"
"778","qS.weir[13]",1.00371854195689,1.02065829307263,"true"
"779","qS.weir[14]",1.02909203221126,1.11021612079451,"true"
"780","qS.weir[15]",1.00207164867971,1.0085141044573,"true"
"781","qS.weir[16]",1.00273333996317,1.00407448036539,"true"
"782","qS.weir[17]",1.00532849817358,1.01831386461792,"true"
"783","qS.weir[18]",1.00076770888628,1.00562045047489,"true"
"784","qS.weir[19]",0.998310023603663,1.00202192725052,"true"
"785","qS.weir[20]",1.00509947467354,1.03031794356847,"true"
"786","qS.weir[21]",1.02748738569318,1.09927346429994,"true"
"787","qS.weir[22]",0.995737198896238,0.997258050584486,"true"
"788","qS.weir[23]",0.998403722498533,1.00325190209955,"true"
"789","qS.weir[24]",1.01434972436248,1.05663231142762,"true"
"790","qS.weir[25]",1.01648935122219,1.06806587584213,"true"
"791","qS.weir[26]",0.998975679770174,1.00775534435119,"true"
"792","qS.weir[27]",1.01227066393467,1.0516031054114,"true"
"793","qS.weir[28]",1.00071309480054,1.01354252041029,"true"
"794","qS.weir[29]",1.01940430830654,1.05732392090425,"true"
"795","qS.weir[30]",1.02890805941059,1.10601789780559,"true"
"796","qS.weir[31]",1.00955187519051,1.03713811101907,"true"
"797","qS.weir[32]",1.00963772289476,1.03792885285868,"true"
"798","qS.weir[33]",1.08799221219795,1.28558086813923,"true"
"799","qS.weir[34]",1.01747687362207,1.05710314017192,"true"
"800","qS.weir[35]",1.01717378553934,1.06360080878296,"true"
"801","qS.weir[36]",1.01430614477125,1.06180438660783,"true"
"802","qS.weir[37]",1.00503904028115,1.01267419145746,"true"
"803","qS.weir[38]",1.06595494508265,1.22142401575545,"true"
"804","qS.weir[39]",1.01468950852304,1.0594074737594,"true"
"805","qS.weir[40]",1.02091038422267,1.08252278040719,"true"
"806","qS.weir[41]",1.03340176218879,1.12239526112805,"true"
"807","sigma.R",1.01227780775362,1.03371182733528,"true"
"808","sigma.RO",1.06885762896557,1.12759095832693,"true"
