"","variable","chain1","chain2","chain3"
"1","D.scale",-0.291061970878718,-0.592644380839755,-0.904995803332371
"2","D.sum",0.433569023312873,0.832692091952602,0.877439793177308
"3","N[1]",1.13675301433808,0.853541508478762,-0.694557370765404
"4","N[2]",1.07064358087372,-0.593613354956297,-0.100363273706841
"5","N[3]",-0.687659478274775,-0.409684869603826,-1.51677279226905
"6","N[4]",1.66786568148304,0.573878455143206,-0.558465530091719
"7","N[5]",1.48016068649099,1.03946332744929,-0.717310924806666
"8","N[6]",-0.538062510635408,-0.166883288439794,-0.0336652741554489
"9","N[7]",-0.362264873148414,0.55276063463251,-2.69802945901594
"10","N[8]",1.80781406915367,0.499377529490277,-0.119360280318793
"11","N[9]",-0.788126419137736,0.761547594787375,0.551721241353376
"12","N[10]",-0.922295329407313,1.2872127364121,-0.0816386869888453
"13","N[11]",0.591947022523271,0.0608795524943575,-0.568042434078365
"14","N[12]",1.25880205470954,2.72257988874021,-1.62782594845676
"15","N[13]",-0.15309902650582,0.276759150791388,-0.453670469959193
"16","N[14]",2.38361474370882,-0.426894110348344,-1.23338394102752
"17","N[15]",0.575808239052575,1.01028917453586,-0.778995871168981
"18","N[16]",0.482673841768931,0.225890625263276,-1.20039022927469
"19","N[17]",1.80908633040984,2.59995943430577,0.459568149313248
"20","N[18]",-0.799768340860986,0.996091774677682,-0.807621495989064
"21","N[19]",-1.41107726257954,0.888878279869648,-0.253298622665627
"22","N[20]",0.133405134732192,2.15226701476366,0.225343808381887
"23","N[21]",1.76740678700659,0.668888726100879,0.320612589139895
"24","N[22]",0.20963860442557,0.626157839298426,-0.13910107209925
"25","N[23]",-0.188262459902628,0.180088981405109,-0.158694654450024
"26","N[24]",0.539855672115397,-0.0159115642265331,0.707468318040807
"27","N[25]",0.439957533539975,-2.07531050214257,0.347469438840183
"28","N[26]",1.04911182949658,1.74205901669115,-0.753131117043518
"29","N[27]",-1.58522617966049,0.955126611698925,-0.192613510092988
"30","N[28]",0.548713021036794,0.847556333347614,2.10656384379294
"31","N[29]",0.179959854925474,-1.2925336732915,0.416959873577322
"32","N[30]",1.55884643850651,-1.49413240161929,-0.604485060675663
"33","N[31]",0.38927899134265,-0.838566365979323,0.83110043056672
"34","N[32]",1.43838958827285,-0.145143825680535,1.19767706566879
"35","N[33]",0.560691446231199,0.266565929545482,-0.174516832017957
"36","N[34]",2.26335829707125,0.487118567033317,-0.252450374623719
"37","N[35]",0.0775511625017181,-0.19378769259134,-1.40179794275464
"38","N[36]",1.92942410302394,0.324944013808125,0.0909974446193067
"39","N[37]",0.454855137148784,-0.606156768790366,0.0612051136436264
"40","N[38]",0.179253358791834,-1.17546419854974,0.0998789544900935
"41","N[39]",0.403216628671849,-0.801511265425728,-0.547466747783385
"42","N[40]",-1.04009130774164,-0.979073472302787,2.42720514693097
"43","N[41]",0.28637904474627,0.0721878273847357,-2.73866650242804
"44","N[42]",-0.121140492892944,-0.784044399560001,-0.24557110719833
"45","N[43]",-0.0634886714439828,-2.30375486540006,-0.0782479515008479
"46","N[44]",-2.55531095522898,1.33081443612755,1.68015425743096
"47","N[45]",-1.94785969316503,-0.354204873124377,-1.57119953294153
"48","N[46]",-0.0925336327727889,1.20582699383596,-0.914490147937182
"49","N[47]",-2.49359012870474,0.260325520140378,1.54508435769425
"50","N.ya[1,1]",2.68532625028629,0.943175766072608,-1.28478168369704
"51","N.ya[2,1]",0.697173449049562,-1.41099118713252,-0.121554445745298
"52","N.ya[3,1]",-0.549460306577022,0.530755669112327,-0.0136473274646153
"53","N.ya[4,1]",-0.954730696011363,0.464084502674109,0.307997964495573
"54","N.ya[5,1]",0.473134134722336,-0.89913107250091,0.0584521109250319
"55","N.ya[6,1]",-1.29474738388058,-0.723022277229081,0.929043415070763
"56","N.ya[7,1]",-1.61842988030289,-0.534546185015455,-0.733319018767252
"57","N.ya[8,1]",0.808058385772207,-0.281897311435961,0.110950476353212
"58","N.ya[9,1]",0.514543400136314,-0.0519756143557501,-0.666306457498327
"59","N.ya[10,1]",-0.253974021817624,-0.369197875869357,-0.498371171912233
"60","N.ya[11,1]",-1.36439223488437,1.14501755596461,0.247838708449015
"61","N.ya[12,1]",0.564549954181368,-1.30809533556302,-1.41214763774368
"62","N.ya[13,1]",0.337230019711144,0.795704541817827,1.34973690229589
"63","N.ya[14,1]",0.446937123120512,-0.861053864202677,-0.82029307630261
"64","N.ya[15,1]",0.124791198352772,-0.541835213575023,0.850260218631746
"65","N.ya[16,1]",0.84980734355981,-0.594252513039225,0.034791782376377
"66","N.ya[17,1]",0.601248881243176,-1.27274873532371,0.259724284201842
"67","N.ya[18,1]",0.674968292219048,1.86456275037925,0.0531174674980297
"68","N.ya[19,1]",-0.762638692089603,1.63839524634869,0.300816197098986
"69","N.ya[20,1]",-0.115933782223454,-0.740167753682402,-1.45849880602158
"70","N.ya[21,1]",0.875089945781958,-2.72978903672946,-0.465629352210856
"71","N.ya[22,1]",0.394952296805703,0.462899057756683,0.100604645535316
"72","N.ya[23,1]",0.61886962612048,0.030465459649282,1.04339016859598
"73","N.ya[24,1]",0.557334795681004,-1.34680294784308,-0.239450097593945
"74","N.ya[25,1]",-2.13032056189604,0.676438647535772,0.503136847904093
"75","N.ya[26,1]",0.405699173173522,-0.83459976860523,0.0380731006999749
"76","N.ya[27,1]",-3.42169864943915,1.89498005457313,-0.673025428638907
"77","N.ya[28,1]",-0.336884961159634,-1.86828553358664,-0.197890629857817
"78","N.ya[29,1]",-0.487082245790475,0.929655637552079,-3.45255037303958
"79","N.ya[30,1]",0.0368563308870322,-0.868444383861671,-0.127619478503354
"80","N.ya[31,1]",-0.76050721397438,0.222517056856099,0.64626915536255
"81","N.ya[32,1]",-0.211377915248042,-0.213797257407948,1.01967318660315
"82","N.ya[33,1]",0.0351411626986538,-0.172069077607795,-0.171084591705375
"83","N.ya[34,1]",0.251591680074442,0.182611271216605,-1.56829154819504
"84","N.ya[35,1]",-2.32759266292905,-1.31270305173221,0.268176613465631
"85","N.ya[36,1]",0.749217225549008,1.44411763820683,1.239193875166
"86","N.ya[37,1]",0.644321690387416,-0.13573104452066,-1.41204349108819
"87","N.ya[38,1]",1.481410653862,-0.681189851715682,0.30484781577589
"88","N.ya[39,1]",-0.815364216460599,-0.465482891980971,0.893333159192859
"89","N.ya[40,1]",1.16563001004126,1.21532946683587,0.81588586911638
"90","N.ya[41,1]",-0.66358128295008,1.06525280645272,-0.69173788151173
"91","N.ya[42,1]",-0.638610599552819,0.517729535907072,-0.81682136582292
"92","N.ya[43,1]",-0.259689021893155,0.241886675165927,0.812598668005167
"93","N.ya[44,1]",-0.111090984853541,2.41541323243529,-0.725868974982883
"94","N.ya[45,1]",-0.731276493469012,0.22169387176757,-0.835083798352537
"95","N.ya[46,1]",1.76006441587311,2.10480206267202,-0.616598754498699
"96","N.ya[47,1]",0.0133686817489744,0.511100654543175,0.0294312916679104
"97","N.ya[1,2]",0.867773639000827,1.38312104790522,0.132237011953511
"98","N.ya[2,2]",0.671650883514374,-0.367263544439928,-0.511229612320281
"99","N.ya[3,2]",0.491528863927787,0.385430905017042,-0.48482333715621
"100","N.ya[4,2]",0.94746621144921,0.037317845855519,-0.667074112594809
"101","N.ya[5,2]",2.05249303063774,0.879654054565755,-0.840881218885691
"102","N.ya[6,2]",0.109255483315349,0.216815284456122,-0.703632947078158
"103","N.ya[7,2]",0.321891402976671,0.73673100605101,-1.33921849118766
"104","N.ya[8,2]",1.5202832501932,0.135663124666039,0.385771528435497
"105","N.ya[9,2]",0.1390668393721,0.370902144892064,0.611977338757471
"106","N.ya[10,2]",-1.4799703456379,1.32509778904818,0.487858447785932
"107","N.ya[11,2]",-0.289869168669387,0.646538160761312,-0.713606752391361
"108","N.ya[12,2]",2.90143241631815,2.81155093921506,-0.852910885793344
"109","N.ya[13,2]",0.6360700828783,-0.871444993567954,1.01295786852588
"110","N.ya[14,2]",2.43602703741494,-0.0539735034299164,-1.93307027024879
"111","N.ya[15,2]",0.401119780898718,1.96235496388366,-0.863850999832579
"112","N.ya[16,2]",-0.272345823302626,1.75651436820084,-1.58317970067442
"113","N.ya[17,2]",1.63724987072604,5.07004042417029,0.144416797994476
"114","N.ya[18,2]",-0.872689636849407,0.992430522610931,2.64384103996439
"115","N.ya[19,2]",-0.605806485555977,0.746761840537075,-1.20316355300618
"116","N.ya[20,2]",0.202976413035097,-0.033111000698303,0.269117559355017
"117","N.ya[21,2]",0.286479882893641,1.96517197501438,0.238804681548075
"118","N.ya[22,2]",0.906453295817645,-1.95923923370717,-0.958231985104212
"119","N.ya[23,2]",-2.33581450873544,1.42836756241574,-1.16419003049628
"120","N.ya[24,2]",0.373888264130108,-1.90281017293909,0.701796928474007
"121","N.ya[25,2]",1.64625201983644,-0.0768780118130818,-0.00978917590819395
"122","N.ya[26,2]",-0.100235391297681,1.52836209291153,-0.719033878829112
"123","N.ya[27,2]",-0.334895931126799,-1.14092075482741,-0.360167807464174
"124","N.ya[28,2]",0.0495797990497985,1.5110959166972,2.18446619775134
"125","N.ya[29,2]",0.142866878097042,-0.414559859948398,2.28971112600506
"126","N.ya[30,2]",1.18195767402921,0.870750372119702,-0.164620275731469
"127","N.ya[31,2]",0.624302612922582,0.356529388574294,0.265685366193902
"128","N.ya[32,2]",1.27842852330791,0.0160264733502541,-0.426661866961028
"129","N.ya[33,2]",0.0283275266543613,-0.210281246256077,-0.517090307173963
"130","N.ya[34,2]",2.08815493034308,0.524930789698284,0.238922366564418
"131","N.ya[35,2]",-0.494883269173807,-0.192743252665682,-1.13649307801424
"132","N.ya[36,2]",-0.573796519819518,-1.00527784193529,0.561535148633985
"133","N.ya[37,2]",0.897127786298585,-0.144511744827687,0.224218023166232
"134","N.ya[38,2]",0.588875886770304,-2.52254831150701,0.494796093797831
"135","N.ya[39,2]",1.04970971412295,-0.170520817938654,-0.901784864060412
"136","N.ya[40,2]",-0.883901876290079,-0.797483528468937,1.27786521912915
"137","N.ya[41,2]",0.560829318531901,0.0995442210996575,-1.76853019011227
"138","N.ya[42,2]",1.87258083608601,-0.248631391522648,1.06224410502884
"139","N.ya[43,2]",-0.678671309026285,-1.90670247160723,0.18732281576907
"140","N.ya[44,2]",-1.85475701424547,0.863734716749267,0.558514555641459
"141","N.ya[45,2]",-0.436251999740856,-0.988630697696252,-0.042898115700186
"142","N.ya[46,2]",-0.858088715338418,0.207228211164861,-0.0781759046539178
"143","N.ya[47,2]",-2.78740878251066,0.178912005434812,1.92692283542198
"144","N.ya[1,3]",-0.7155119842616,-0.871683475088246,-0.543631804928794
"145","N.ya[2,3]",0.865290988670915,-0.0103446211612112,0.950273320489419
"146","N.ya[3,3]",-1.29301001001877,-1.23220276536974,-1.3871872489726
"147","N.ya[4,3]",1.07577979899991,0.621644409507703,0.00275555239661032
"148","N.ya[5,3]",-0.164632816691494,0.511657027898376,-0.146325299891203
"149","N.ya[6,3]",-0.537543151226018,-0.285390560767734,0.493089938392535
"150","N.ya[7,3]",-0.472109329070787,0.168814778283986,-2.36750126835944
"151","N.ya[8,3]",0.644381575290362,0.56327254141143,-0.619010254734037
"152","N.ya[9,3]",-2.17074379510935,0.887922640865719,0.225750096667616
"153","N.ya[10,3]",0.111692631108605,0.330591962656436,-0.468610947740616
"154","N.ya[11,3]",1.07761866187347,-0.690097245366528,-0.112058551957502
"155","N.ya[12,3]",-0.941485877095563,0.944193839408205,-0.43543572020475
"156","N.ya[13,3]",-0.999690827185349,0.833253837039078,-2.08221723500323
"157","N.ya[14,3]",0.214954654373902,-0.314649930382303,0.51315756258911
"158","N.ya[15,3]",0.29233864895091,-0.348464304766786,-0.218345054644859
"159","N.ya[16,3]",0.43998648536441,-1.21595277111452,0.180785924900282
"160","N.ya[17,3]",0.131959960321659,0.31584771812758,0.342704794928548
"161","N.ya[18,3]",-0.510214159023411,-0.130888185943426,-2.50306303491536
"162","N.ya[19,3]",-0.475480539583766,-0.209321988062709,0.819306154867854
"163","N.ya[20,3]",-0.0438249224043991,2.77759062741059,0.368226960908612
"164","N.ya[21,3]",0.334054531611674,-0.858513323469821,0.0880266322181363
"165","N.ya[22,3]",-1.05973860500724,1.78809951174332,0.924088172878925
"166","N.ya[23,3]",2.0414295426269,-1.35978129508615,0.787785051433882
"167","N.ya[24,3]",0.0918166468255465,1.34329109530144,0.0226358495325291
"168","N.ya[25,3]",-0.0215800715388552,-2.23104985117208,0.166245513834535
"169","N.ya[26,3]",1.31486392652606,0.685396526126696,-0.0155722263371705
"170","N.ya[27,3]",-1.0766153208701,1.93907710092725,0.317597637813734
"171","N.ya[28,3]",0.636528178006526,-0.040759305484361,1.47765598997963
"172","N.ya[29,3]",0.28125039987421,-1.41894728773809,-1.54554955760596
"173","N.ya[30,3]",0.618946608921152,-2.47478109047724,-0.493379922185861
"174","N.ya[31,3]",0.295125507764502,-2.17195480101969,0.835562144312046
"175","N.ya[32,3]",0.482564293546791,-0.0561111337356727,1.56346989932027
"176","N.ya[33,3]",0.954385554170486,0.96548031024602,0.700250752759184
"177","N.ya[34,3]",-0.23130271328025,-0.281700136393106,-0.227136920371209
"178","N.ya[35,3]",1.29317602295825,0.357057997127304,-0.798786009803712
"179","N.ya[36,3]",1.38383163275812,0.666593593764279,-1.4191372178153
"180","N.ya[37,3]",-0.861137545509502,-0.537733887837406,0.544816564812589
"181","N.ya[38,3]",-1.06009474448451,0.748340638818372,-0.488899946602049
"182","N.ya[39,3]",-0.668470326090429,-0.455826385568778,0.257712527785897
"183","N.ya[40,3]",-0.890699932431209,-0.72581941834433,1.58044810211595
"184","N.ya[41,3]",-0.112006231793159,-0.554999644924873,-0.62583488458164
"185","N.ya[42,3]",-2.05817519721576,-0.761980056362534,-1.12880820126577
"186","N.ya[43,3]",0.963049596531788,-0.0756625969556695,-0.637702683629745
"187","N.ya[44,3]",-1.41766064894747,0.0802796017149362,1.9229374605256
"188","N.ya[45,3]",-0.916314420875103,0.685368560599629,-1.04823223064939
"189","N.ya[46,3]",-0.884005140866835,-0.473068987571605,-0.358781543197727
"190","N.ya[47,3]",0.312443004332415,-0.393258474774099,-1.0558543519857
"191","R[1]",0.340144045751684,-0.929006932850633,0.271687749352177
"192","R[2]",1.51590222258008,0.443915275729129,0.0938866484756787
"193","R[3]",0.186851693331915,-0.901032622364111,-1.72244909955747
"194","R[4]",1.07096252506378,0.665485902429259,-0.357714300781652
"195","R[5]",0.563540102201255,0.394941554716621,-0.550276641180082
"196","R[6]",1.1376186387251,0.599277604763804,-0.268299262371173
"197","R[7]",-0.255721633260154,0.132444168323788,-2.21170003932584
"198","R[8]",0.642825811700269,0.805217716314708,-1.23994157131388
"199","R[9]",-0.0630702298878901,0.439183534095793,0.286722755326872
"200","R[10]",0.318840644006251,0.254487080810889,0.298800189611496
"201","R[11]",0.198490650620466,0.353127407803719,0.110366312670136
"202","R[12]",-0.722329044100203,0.911309484233181,-0.953619356479612
"203","R[13]",1.03706567598358,2.71275008200368,-1.62168596720483
"204","R[14]",0.519111963537325,-0.829782184563412,0.654335344353081
"205","R[15]",2.14466471409927,-0.130543090424143,-1.24999334570246
"206","R[16]",0.651737976610841,0.908540274540291,-0.982996492803367
"207","R[17]",-0.0040227064421528,0.957083128660667,-0.319863260650507
"208","R[18]",0.5483888388818,1.24440406117463,-1.93087810404596
"209","R[19]",-0.880999378800612,0.567188261620312,2.47556698236442
"210","R[20]",-0.209728393934443,2.27808665007462,-0.457261233578792
"211","R[21]",0.309174917801149,-0.508270388657602,0.187368768928596
"212","R[22]",-0.416109556841065,2.69972788606113,0.628960115074672
"213","R[23]",1.78812550122063,-2.30580081009333,-0.303917290320908
"214","R[24]",-1.57614065274166,1.54256223382043,-0.805574264648613
"215","R[25]",0.515165282958853,-1.77851115349049,1.22261474729449
"216","R[26]",2.15408920951436,0.0629530644806057,-0.0781265285465937
"217","R[27]",-1.23007489445637,2.32677150830359,-0.0984451851184267
"218","R[28]",0.260529032853445,-0.984829913404654,0.662670066922341
"219","R[29]",-0.332263388245238,0.608042318078985,-0.416357929557627
"220","R[30]",0.61827093088906,-1.86284926501189,1.45841507899422
"221","R[31]",0.65853876773638,-0.33407060330107,-0.495429809764781
"222","R[32]",0.702225328896271,0.0619932977723545,0.797768670067986
"223","R[33]",1.10443996035574,0.69637163541831,0.363143988269522
"224","R[34]",-0.204030518737881,-0.321354029477113,-0.428568551471367
"225","R[35]",2.29177672650074,0.579417626283799,-0.135062606572588
"226","R[36]",0.534900098510358,0.306129949584247,-1.93159431344442
"227","R[37]",-1.42550692579084,-1.17021035812288,0.786079535529094
"228","R[38]",-0.143159398269589,0.571144908158911,-0.0340834841784794
"229","R[39]",0.372451706878898,-1.56360806610223,0.142457022929346
"230","R[40]",0.745755556983736,-0.612720633198161,0.417732628620028
"231","R[41]",-0.847944071994776,-1.00255495078854,0.720261227712081
"232","R[42]",-0.263669927765481,0.0649435495291185,-1.66198183182207
"233","R[43]",1.66477330533422,0.066884160311914,0.0582439103213315
"234","R[44]",-1.68655543670568,-1.20344504411213,1.2070930475414
"235","R[45]",-2.01478944469962,1.12815088797293,0.424064540061363
"236","R[46]",-0.895380089076982,-0.0986468499249629,-0.517195285348588
"237","R[47]",-0.375393392675568,-0.170231946563818,-1.0400304969046
"238","R[48]",-1.93803814859704,-0.691630659808688,-0.423015590099804
"239","R[49]",-1.10666798000016,1.24524367892291,-1.55975282305827
"240","S[1]",0.206356017322479,0.0739231362900328,-0.192788510011972
"241","S[2]",0.874730184785196,0.18692961245372,-0.564771653510044
"242","S[3]",0.614365368021371,-0.475028980399726,-0.382497539575929
"243","S[4]",0.114349272434922,-0.515453465111206,-0.426159020904894
"244","S[5]",1.52797371484269,0.97703122742364,-0.960706285884716
"245","S[6]",-0.276286844930354,0.208056474967294,0.00221505578035119
"246","S[7]",0.462584499422952,0.485363628857535,-2.9060893908849
"247","S[8]",1.80431859768047,0.675523088625393,-0.0207694940888246
"248","S[9]",-1.13581398231489,0.506554563354585,-0.139904723952779
"249","S[10]",-0.0235577470588706,-0.41172336586342,-0.295494153409335
"250","S[11]",0.353544248945077,-0.801993343673126,-0.987136827365645
"251","S[12]",1.2602440597328,2.20131296982222,-1.46735161151526
"252","S[13]",0.770328417423085,0.694253252409333,-0.950128752564142
"253","S[14]",1.55967153967586,-1.29461715963459,-0.713748457412868
"254","S[15]",0.0603108057397799,-0.327168627349704,-0.339238214399272
"255","S[16]",0.491760038811438,0.743919792879498,-0.577006917803507
"256","S[17]",0.976708040781248,0.56618676138269,-0.0629024574524403
"257","S[18]",-0.494288580708174,0.968209729924345,-0.306547951130213
"258","S[19]",-0.505107948197095,1.01546603458489,-0.751744524747724
"259","S[20]",-0.261817881522353,1.79323272485881,0.00941222109041671
"260","S[21]",1.57043880394212,-0.675407262758439,-0.160108430465284
"261","S[22]",0.18617021634069,0.768827051012924,0.741226332887742
"262","S[23]",-0.0460960903358063,-0.581579769304895,-0.0364085859057195
"263","S[24]",1.00467717879489,-0.703762410524198,0.00902084435622857
"264","S[25]",0.106670423348815,-0.688631821590326,-0.222201957864084
"265","S[26]",-0.177629672123166,0.408108867497573,-0.0141759060349583
"266","S[27]",-1.64976586419989,0.539137685460982,-0.419929453389692
"267","S[28]",0.726907833251283,0.0932389682570162,2.02626990201612
"268","S[29]",-0.231507219153938,-1.6090389768574,1.60203007403254
"269","S[30]",1.62451608351009,-1.33864756542049,-0.226744480422287
"270","S[31]",0.394288226953484,-0.916711136654644,0.654160311461631
"271","S[32]",1.35877178051452,0.0643162588833856,1.36079781604813
"272","S[33]",0.733468602502311,-0.103396645453973,0.35943136208654
"273","S[34]",0.293543671950471,-1.56989182841771,0.400735782531861
"274","S[35]",2.00753724812139,0.852152808395649,-1.50062399341587
"275","S[36]",1.85024041076541,-0.271867916938932,0.257709312518595
"276","S[37]",0.25731107761954,-1.71526619158877,-0.539773768497124
"277","S[38]",0.838685570422293,-0.571812111884436,1.07347596897859
"278","S[39]",0.869300642546984,-0.503733851259465,1.08435108403529
"279","S[40]",-0.161992827023516,-1.26353135283758,1.93020375017044
"280","S[41]",0.765811180977669,-0.217445378568924,-1.87801323596245
"281","S[42]",-0.0657703849607937,-0.68102909924686,-0.340069158219319
"282","S[43]",-0.0132559655105576,-2.61088091847203,-0.0725063361051758
"283","S[44]",-2.73422710982191,1.27864758255834,1.78274441314953
"284","S[45]",-1.56577046350326,-0.236977534240375,-1.69734554470918
"285","S[46]",-0.173548894750258,0.810701837663558,-0.746437956935637
"286","S[47]",-2.25277929866067,0.991521106206463,1.14249676027799
"287","S.eq",0.0687397448996714,1.05598453458467,1.40445412905199
"288","S.eq.c",0.0771234475187915,1.09997601542821,1.21133341243174
"289","S.eq.c2",0.0771234475187915,1.09997601542821,1.21133341243174
"290","S.max",0.289927252713427,0.873298337456148,0.912712949683598
"291","S.msy",0.117400208647814,1.00652393118531,1.22970428290445
"292","S.msy.c",0.14452218669666,1.0347775402836,1.09822293569329
"293","S.msy.c2",0.147622039833645,1.03065406877234,1.09091572620235
"294","U.max.c2",-0.488501614354819,0.961185723808277,1.04374374433073
"295","U.msy",-0.609046387216928,0.485883390960814,1.62106639243848
"296","U.msy.c",-0.507680300335995,1.04064624024121,1.25539843200078
"297","U.msy.c2",-0.505544911613451,1.04009858284664,1.24362823875264
"298","alpha",-0.665823429267466,0.73465214031262,2.02536531980817
"299","alpha.c",-0.40954312272811,1.142571653111,1.46127114625522
"300","beta",-0.434860580511681,-0.0480961833534627,-0.0394008834509539
"301","h.below[1]",1.46220887821499,1.10387042587392,-0.873828551009889
"302","h.below[2]",0.848963114280551,-1.68961722355686,0.644871625668755
"303","h.below[3]",-1.64285756154694,-0.173748946632409,-1.65919089694407
"304","h.below[4]",1.69506283584788,0.975057183283425,-0.35867577885581
"305","h.below[5]",0.197982670394883,0.206363364063921,1.27988202681566
"306","h.below[6]",-0.585577959370609,-0.80073830986715,-0.0912550461095262
"307","h.below[7]",-1.6757638855346,0.262227965146529,-0.160365251609332
"308","h.below[8]",1.37794585864171,-0.222668327414494,-0.171351606575229
"309","h.below[9]",0.206420207833464,0.88174168959285,1.51552361522879
"310","h.below[10]",-1.1451815652391,1.79971012307606,0.0738284945840276
"311","h.below[11]",0.637499923366322,0.188496530126929,-0.390036789278448
"312","h.below[12]",0.529429433929982,1.76944512435702,-0.733344508082755
"313","h.below[13]",-0.666187355954139,-0.0268157913625884,0.025267976607014
"314","h.below[14]",2.33847419522625,0.400739128317522,-1.04211541698242
"315","h.below[15]",0.620336992853282,1.26111383631632,-0.704732874544819
"316","h.below[16]",0.218743179571381,-0.286118829484793,-1.11898841085125
"317","h.below[17]",1.58491701636907,3.11273421344212,0.763380236199988
"318","h.below[18]",-1.49211515687273,0.119044610355708,-1.77041927991352
"319","h.below[19]",-0.890713069113295,0.353516321959032,0.336528980510646
"320","h.below[20]",0.519569922256908,0.999007640792713,0.306260895300014
"321","h.below[21]",0.871969251109528,1.83364434771682,0.735703893373738
"322","h.below[22]",0.180529152526279,-0.162592661463091,-2.20826219078846
"323","h.below[23]",-0.206917488125513,1.03191811313979,-0.199153960635905
"324","h.below[24]",-0.0509405780028906,0.440069329667352,0.782117949783889
"325","h.below[25]",0.377361367159926,-1.99383559629225,0.473779081377478
"326","h.below[26]",1.25948439141159,2.0801510536505,-0.79384640522504
"327","h.below[27]",-0.377056017468441,0.839889064236545,0.243066026547178
"328","h.below[28]",0.132102714295115,1.11632992785498,1.01993810939016
"329","h.below[29]",0.492800160451201,-0.0728654224704974,-0.986560188129917
"330","h.below[30]",0.044995098978735,-0.726895110481418,-0.929249248180564
"331","h.below[31]",-0.180251341075218,0.213083555958899,1.06772971430486
"332","h.below[32]",0.443276848533938,-0.365171827887321,-0.178860405138695
"333","h.below[33]",-0.366631739114509,1.03966796930889,-1.14256194306573
"334","h.below[34]",2.97530011122719,2.06130133580634,-0.636979323498322
"335","h.below[35]",-1.15686469086587,-0.659711339489625,-0.866079879190566
"336","h.below[36]",0.315499318412051,1.10133346999496,-0.373469756732918
"337","h.below[37]",0.587345456283492,1.44515949941235,0.864988822318518
"338","h.below[38]",-0.756701527055348,-1.23949946721833,-1.16783487963076
"339","h.below[39]",0.0172870203121153,-0.625802809047742,-0.975238845892835
"340","h.below[40]",-2.62949526519875,0.473758988750837,1.02127524708603
"341","h.below[41]",-0.720721786660399,0.595793575519527,-1.85085017636616
"342","h.below[42]",-0.445705382428263,-0.917791214117256,0.623709073398752
"343","h.below[43]",-0.167058910001997,0.488439043241952,-0.0251798638384892
"344","h.below[44]",0.175097841717853,0.327152686701165,0.0393509483026178
"345","h.below[45]",-1.32167621321902,0.0104193947046511,0.0189950526843838
"346","h.below[46]",0.300710229866886,0.988601666955049,-0.661909655457756
"347","h.below[47]",-1.08850078069426,-0.788648559472617,0.965262749574637
"348","lnalpha",-0.602004367256805,0.558276630012153,1.7704449098802
"349","lnalpha.c",-0.496587795242861,1.08448610131985,1.36958810953914
"350","log.qS.mr[1]",-0.946675089144264,0.238076371275422,-0.102702788587644
"351","log.qS.mr[2]",0.222904211993635,0.295544263165247,-0.424481411340761
"352","log.qS.mr[3]",-0.50904955956142,-0.576741112810523,-0.48981210865425
"353","log.qS.mr[4]",-1.03339879069914,-0.546496303736197,-0.380328677180959
"354","log.qS.mr[5]",0.747736143830648,1.24130292460632,-0.874111489930468
"355","log.qS.mr[6]",-1.4027097762165,0.256587300838088,0.0778561003680566
"356","log.qS.mr[7]",0.127371442707928,0.654445833214519,-2.65373437950337
"357","log.qS.mr[8]",1.17597942390974,0.794410923484151,0.0756701026313328
"358","log.qS.mr[9]",-1.95529765872293,0.633211218045272,-0.0722362052963103
"359","log.qS.mr[10]",-0.826330496057973,-0.576228285347042,-0.152382729666462
"360","log.qS.mr[11]",-0.709701712104749,-1.07065218519764,-1.20608639324798
"361","log.qS.mr[12]",0.387896631889919,2.11590487606575,-1.53113598535543
"362","log.qS.mr[13]",0.0474103962413627,0.735631700038034,-0.869793267712024
"363","log.qS.mr[14]",0.505268416502315,-1.45063533690024,-0.815161816075994
"364","log.qS.mr[15]",-1.04730010204494,-0.369714765898177,-0.437316132514392
"365","log.qS.mr[16]",-0.628021180473584,0.999474833917949,-0.597635984578905
"366","log.qS.mr[17]",-0.114525302737557,0.660556068027066,-0.126098240529565
"367","log.qS.mr[18]",-1.6714646126445,1.10368794605561,-0.360059447493521
"368","log.qS.mr[19]",-1.71662036721419,1.37846407712103,-1.00208637101397
"369","log.qS.mr[20]",-1.4345295155579,1.9053447834449,0.0671237794906487
"370","log.qS.mr[21]",0.778549767718359,-0.33082988131131,-0.0621159390244532
"371","log.qS.mr[22]",-0.746939118707297,0.680240552451592,0.851744906710292
"372","log.qS.mr[23]",-1.00450546360425,-1.08455495882412,0.117562361872086
"373","log.qS.mr[24]",-0.581816924328981,-0.8084535745947,0.0359159551950495
"374","log.qS.mr[25]",-1.08070491210221,-0.739069394764448,-0.14537952454716
"375","log.qS.mr[26]",-2.17457773324712,0.388969446975824,0.106348506249785
"376","log.qS.mr[27]",-2.42636677435792,0.537233608309895,-0.299629379941391
"377","log.qS.mr[28]",-0.601841798858235,0.212762274105686,2.40089892285566
"378","log.qS.mr[29]",-1.40149957426076,-2.05039409956863,1.96644045875533
"379","log.qS.mr[30]",0.848972897857075,-1.43379713522424,-0.247207081699246
"380","log.qS.mr[31]",-0.0664112592054489,-0.825312308484528,0.732668901728538
"381","log.qS.mr[32]",0.348176799832951,0.155106110263531,1.69827478287251
"382","log.qS.mr[33]",-0.407255194973123,-0.0713889365634484,0.4335608041193
"383","log.qS.mr[34]",-1.21211547660055,-1.08719789901902,0.466114369482216
"384","log.qS.mr[35]",0.219694838985914,0.810175134564969,-1.31662386436372
"385","log.qS.mr[36]",-0.518371645992432,-0.120641232755489,0.253563884171624
"386","log.qS.mr[37]",-0.941529965634419,-1.66794220081591,-0.517107041314243
"387","log.qS.mr[38]",-0.286018549888857,-0.474593723834763,1.14757200198129
"388","log.qS.mr[39]",-0.855974827769078,-0.320546287108182,0.952069112621587
"389","log.qS.mr[40]",-1.13221057274323,-1.19273155552555,1.97494693315248
"390","log.qS.mr[41]",-0.42905576622254,-0.251554071056371,-1.75689204282465
"391","log.qS.mr[42]",-1.47779340195922,-0.484258231992325,-0.201042290220059
"392","log.qS.mr[43]",-1.39163512274266,-1.85975081488671,0.0653535236134863
"393","log.qS.mr[44]",-3.40610613144315,1.19695184515198,1.6140992322081
"394","log.qS.mr[45]",-3.15346670065198,-0.235901257376762,-1.26129944998271
"395","log.qS.mr[46]",-1.52866228747,0.672978184964108,-0.547893352602771
"396","log.qS.mr[47]",-3.01273883900165,0.913330471259233,1.07125661776792
"397","log.qS.weir[1]",-0.400049395302137,0.0599025919809433,0.340554629119617
"398","log.qS.weir[2]",0.827006132072855,0.203184206341534,-0.0757632261456313
"399","log.qS.weir[3]",0.208548727779627,-1.06796603427966,-0.114315968248649
"400","log.qS.weir[4]",-0.640658558612021,-0.979425123673372,0.0246937515532328
"401","log.qS.weir[5]",1.34056463604503,1.25041549681907,-0.73329222988187
"402","log.qS.weir[6]",-1.0021547028672,0.131899710348038,0.519820520864531
"403","log.qS.weir[7]",0.425926802069787,0.600739183621691,-2.55660349954609
"404","log.qS.weir[8]",2.01440107331091,0.742551759915482,0.48563900619328
"405","log.qS.weir[9]",-1.80052954525063,0.54074221993468,0.204204948225366
"406","log.qS.weir[10]",-0.58641246838162,-0.740939632371747,0.129315491968138
"407","log.qS.weir[11]",-0.123769002197622,-2.14724781917722,-0.996937447094647
"408","log.qS.weir[12]",1.12339982520007,2.68580956717664,-1.37184168590075
"409","log.qS.weir[13]",0.616470652766564,0.739522705307138,-0.676706068573679
"410","log.qS.weir[14]",1.62852142012782,-2.3784381205969,-0.631804744645671
"411","log.qS.weir[15]",-0.631397284803994,-0.503001033580824,0.122248828114159
"412","log.qS.weir[16]",0.0499917042602109,1.06013426694723,-0.224797871768296
"413","log.qS.weir[17]",0.825536411002406,0.757120661120761,0.324601553931525
"414","log.qS.weir[18]",-1.61957353308741,1.26157776644759,0.0705957241344332
"415","log.qS.weir[19]",-0.989618950056228,1.10622520493452,-0.542686062629396
"416","log.qS.weir[20]",-0.816746864205163,1.86654331385563,0.478504212284722
"417","log.qS.weir[21]",1.13097290690545,-0.427467882431199,0.207226994653529
"418","log.qS.weir[22]",-0.192643482670244,0.619011771888809,1.09409146859757
"419","log.qS.weir[23]",-0.327207352472584,-1.01973549545432,0.399062500317947
"420","log.qS.weir[24]",0.386866565696355,-0.794179679955961,0.635437569737988
"421","log.qS.weir[25]",-0.559074569761197,-1.26923022098244,0.332158101036273
"422","log.qS.weir[26]",-0.733584561351736,0.196699463599022,0.570007137546866
"423","log.qS.weir[27]",-2.63199394488861,0.411713547424173,-0.0128565708417752
"424","log.qS.weir[28]",0.130998157111173,0.0124551654610968,2.45128827937666
"425","log.qS.weir[29]",-0.67738320153193,-1.84237940022311,2.05614050978695
"426","log.qS.weir[30]",1.26276869516926,-1.4654738873921,0.0549643259788366
"427","log.qS.weir[31]",0.148283256598667,-0.898359604732249,0.905193319362937
"428","log.qS.weir[32]",0.897359582364821,-0.00369638742351903,1.90429038152633
"429","log.qS.weir[33]",0.218290240771818,-0.19909981181431,0.618487602607314
"430","log.qS.weir[34]",-0.244885092473201,-1.1007902194021,0.740837241510427
"431","log.qS.weir[35]",0.942665824409536,0.382945986920185,-0.668672481692143
"432","log.qS.weir[36]",0.434622561685775,-0.284822387768871,0.507898102949401
"433","log.qS.weir[37]",-0.175593629340451,-2.12147025453211,-0.0903580789910933
"434","log.qS.weir[38]",0.252743858454952,-0.522322973503326,1.22697128478745
"435","log.qS.weir[39]",0.0406015967521901,-0.409342534198669,1.04690969606956
"436","log.qS.weir[40]",-0.456021184449908,-1.18576055052696,2.82974277088891
"437","log.qS.weir[41]",0.175523063202593,-0.334891874388238,-1.08673745335522
"438","log.qS.weir[42]",-0.520075218983622,-0.582530264608025,0.193354458175615
"439","log.qS.weir[43]",-0.459338512805325,-1.65169962431487,0.409181871907967
"440","log.qS.weir[44]",-2.76681667760916,1.00832599367824,1.64555175919158
"441","log.qS.weir[45]",-1.57939877096562,-0.341210389781955,-0.594463806792743
"442","log.qS.weir[46]",-0.576904275257169,0.390625564282487,-0.0541535328144985
"443","log.qS.weir[47]",-2.41766635947929,0.915998133792323,1.17985532424593
"444","log.resid[7]",0.249151467029079,-0.969175368418119,-3.80402943864437
"445","log.resid[8]",0.600904698637157,-0.421901601526754,-2.63749770670136
"446","log.resid[9]",0.368429243749539,-0.435380427796408,-1.92055501896232
"447","log.resid[10]",0.551067465291135,-0.613558590349029,-2.50012196920969
"448","log.resid[11]",0.371238568953763,-1.225077032721,-3.0152418317483
"449","log.resid[12]",-0.0239281156450503,-0.479948087937461,-2.37379714861227
"450","log.resid[13]",0.423832816883577,0.226688502881485,-1.6683755590315
"451","log.resid[14]",0.313042794956388,-1.16717617955103,-2.01776652375364
"452","log.resid[15]",0.99611310436726,-1.26359706514161,-3.95034377308305
"453","log.resid[16]",0.807179040500964,-0.217126793907446,-2.21321815188115
"454","log.resid[17]",0.448157146618351,-0.095547680660889,-1.52023350297819
"455","log.resid[18]",0.428522683131572,-1.13160753566365,-2.29537630916244
"456","log.resid[19]",-0.0982587686253229,-0.626620882681919,-0.805486195489468
"457","log.resid[20]",0.210986277260062,0.011369726278072,-1.69430672447693
"458","log.resid[21]",0.759484792636931,-0.881213368361593,-1.38888951732242
"459","log.resid[22]",0.0662368162605324,1.6888856722774,-0.801148006841113
"460","log.resid[23]",1.77209906713427,-2.44578019557595,-1.58153758921306
"461","log.resid[24]",-0.527200723015121,0.128214061650135,-1.40678295226413
"462","log.resid[25]",0.644703689966274,-1.67093687105612,-2.07120049527062
"463","log.resid[26]",1.88856848616437,-0.847782900561259,-1.77621067414202
"464","log.resid[27]",-0.275177018116118,-0.0824815874037982,-1.74988757309852
"465","log.resid[28]",0.304861569388812,-1.12454214301637,-1.85420470749032
"466","log.resid[29]",0.152677242095787,-0.530321295498792,-2.39741376065129
"467","log.resid[30]",0.372624265078719,-1.51836797378004,-1.73475528518287
"468","log.resid[31]",0.807136436874371,-0.721985478926164,-2.00181375511514
"469","log.resid[32]",0.80479943871923,-0.794618065840831,-1.86799445254462
"470","log.resid[33]",1.42586081346667,-0.375668339447307,-2.12557868743899
"471","log.resid[34]",0.323197224640582,-0.903245150504549,-2.90683563617956
"472","log.resid[35]",1.26920737589117,-0.552595946309717,-3.51050677185355
"473","log.resid[36]",0.29020861263408,-0.00693066721975323,-2.60504630694659
"474","log.resid[37]",-0.272861856604083,-0.9228148656905,-1.67578358713258
"475","log.resid[38]",0.122876580685432,-0.778749764518327,-2.28995463053894
"476","log.resid[39]",0.499297344837031,-1.42428669569952,-3.14598270244215
"477","log.resid[40]",0.369927697346733,-1.30364154196711,-1.71308848117659
"478","log.resid[41]",-0.268087574135928,-1.31399958478453,-1.59144488272491
"479","log.resid[42]",0.280161551844857,-0.900316998384713,-3.0140932756034
"480","log.resid[43]",1.105239803241,-0.554118795887242,-2.53746578699595
"481","log.resid[44]",-0.326233434697821,-1.69962086571566,-3.28375269248843
"482","log.resid[45]",-0.428166147478963,-0.209212550288749,-2.43137770960872
"483","log.resid[46]",0.131316129059739,-0.651126229830252,-2.94232901108708
"484","log.resid[47]",0.136400149902686,-1.04713348542597,-1.73543217088077
"485","log.resid[48]",-0.845650128161023,-0.93875111638987,-2.31960259343016
"486","log.resid[49]",-0.615852885711849,0.796103343236546,-2.58140761040181
"487","log.resid.0",0.864425556995974,-0.110557100761285,-2.56684896421943
"488","mean.log.RO",0.498276355070397,0.472035500617005,1.12050191991072
"489","mu.hbelow[1]",0.99984154617002,0.926117991766677,-0.639452742489229
"490","mu.hbelow[2]",-0.122627747212392,-1.16209592995986,0.685727514636355
"491","mu.hbelow[3]",-1.57001339093156,0.21811941166406,-1.05207596514959
"492","mu.hbelow[4]",1.27979948588434,1.23094268458665,-0.00681042212208792
"493","mu.hbelow[5]",-1.2051134284122,-0.638223720050274,1.72769262877488
"494","mu.hbelow[6]",-0.427548023098098,-0.763308891826024,-0.113576273997778
"495","mu.hbelow[7]",-1.18355948551238,-0.506596819568812,2.19778275114328
"496","mu.hbelow[8]",-0.625457799610663,-0.594394195413623,-0.200860233026405
"497","mu.hbelow[9]",0.960328580546968,0.136499935588758,1.09928802075186
"498","mu.hbelow[10]",-0.497348998992554,1.59978952563983,0.235007267887761
"499","mu.hbelow[11]",0.171027017736088,0.561319116953699,0.77081059615696
"500","mu.hbelow[12]",-0.51315273679203,-0.601858130343775,0.765939990649403
"501","mu.hbelow[13]",-0.973034427291273,-0.762314698796962,0.638617404683791
"502","mu.hbelow[14]",0.607210406613276,1.36239189430662,-0.210935767302352
"503","mu.hbelow[15]",0.401409563113499,1.37116291202034,-0.292636287245738
"504","mu.hbelow[16]",-0.148246259035829,-0.71092221777453,-0.717613336284461
"505","mu.hbelow[17]",0.627806673775113,1.94220352395623,0.725783597197425
"506","mu.hbelow[18]",-0.693350864449523,-0.423821954081506,-1.14010262635624
"507","mu.hbelow[19]",-0.340259904755117,-0.447438326989305,0.915106333963778
"508","mu.hbelow[20]",0.598627942629437,-0.220880572285514,0.164443824630025
"509","mu.hbelow[21]",-0.545579367786372,1.57919282773418,0.59325904548432
"510","mu.hbelow[22]",-0.00401582593962495,-0.470167288179491,-1.24289148040646
"511","mu.hbelow[23]",-0.275641861867924,1.17455925320178,-0.178068775730506
"512","mu.hbelow[24]",-0.499272927889296,0.757671370099539,0.637754116934694
"513","mu.hbelow[25]",0.30770990909795,-1.08896084100154,0.402053582043951
"514","mu.hbelow[26]",1.16752017845101,1.29720557987922,-0.657639615673884
"515","mu.hbelow[27]",0.876025548387972,0.188876243398851,0.392200492279865
"516","mu.hbelow[28]",-0.42901539829144,0.808772758858398,-0.513492627724884
"517","mu.hbelow[29]",0.576003389712095,1.26886422288821,-1.93756630570164
"518","mu.hbelow[30]",-1.21133127727149,0.475893218059206,-0.495983064754352
"519","mu.hbelow[31]",-0.749578386733397,0.752397500852199,-0.023383337629233
"520","mu.hbelow[32]",-0.600099821717522,-0.294910025205863,-0.943375551642925
"521","mu.hbelow[33]",-0.734705576570132,0.904038448952265,-1.46137679345717
"522","mu.hbelow[34]",2.66826824873923,2.60472142286242,-0.798684015857392
"523","mu.hbelow[35]",-1.88453658358561,-0.931631185897724,-0.154124702915725
"524","mu.hbelow[36]",-0.256447736516289,0.893686828856362,-0.370766060746392
"525","mu.hbelow[37]",0.302273270459065,2.28985473820559,0.985994146346204
"526","mu.hbelow[38]",-1.06595912178324,-0.674757252173211,-1.57296700297604
"527","mu.hbelow[39]",-0.285018644308804,-0.353479215046157,-1.29070450903064
"528","mu.hbelow[40]",-1.47362909644545,1.14019321505413,-0.851180944452362
"529","mu.hbelow[41]",-0.809299493408469,0.525814498165018,-0.254111521011831
"530","mu.hbelow[42]",-0.332028592650837,-0.412645073213775,0.779068994976692
"531","mu.hbelow[43]",-0.0480513871829735,1.49186346044515,-0.00160444828552746
"532","mu.hbelow[44]",2.08990504936297,-0.622797091927638,-1.45274865653651
"533","mu.hbelow[45]",-0.429317290357989,0.164020787030088,0.448237417357718
"534","mu.hbelow[46]",0.306763726013593,0.53192416543386,-0.618373971550648
"535","mu.hbelow[47]",0.842460036784389,-1.06881232996393,0.00100855469231955
"536","p[1,1]",2.58013784909467,0.146584059755769,-1.77160542966915
"537","p[2,1]",1.12294648572618,-1.0170226283642,-0.359003885141388
"538","p[3,1]",2.20931019831857,1.22741849382118,-0.922551800966495
"539","p[4,1]",0.421340063313632,-1.44763793823388,-0.0280010010149072
"540","p[5,1]",-0.792303475801644,0.516686387986639,0.205953965967609
"541","p[6,1]",-1.24161235191716,0.413602614489357,0.361310589333177
"542","p[7,1]",0.607577776656262,-0.637721558788796,0.464805996730753
"543","p[8,1]",-1.18241564676873,-1.0675662961502,1.22480508612779
"544","p[9,1]",-1.51168639402046,-0.615354081059917,-0.647325817667375
"545","p[10,1]",0.68045177086367,-0.526386873504122,0.139451889543652
"546","p[11,1]",0.473674409270364,-0.209913389520462,-0.894432220339998
"547","p[12,1]",0.021001236305386,-0.520122429389747,-0.500855271235182
"548","p[13,1]",-1.47901782607533,0.909553750408484,0.610995856721698
"549","p[14,1]",0.101012140342293,-1.0643970071279,-1.63240849516772
"550","p[15,1]",0.0869512776569271,1.27080159452545,1.51716794322512
"551","p[16,1]",0.324251229966119,-1.09313095792016,-0.761102309454435
"552","p[17,1]",0.0707299390011263,-0.638871375907746,0.979226797508535
"553","p[18,1]",0.774446958497592,-0.674185260760009,0.269347543799634
"554","p[19,1]",0.770698102334184,-1.250184439606,-0.134571211997638
"555","p[20,1]",0.751851918051736,1.45789244383881,0.00165017956158715
"556","p[21,1]",-0.858494080770189,2.03033848901775,0.242296020111883
"557","p[22,1]",0.183521581793301,-1.71497208323292,-1.37037963345194
"558","p[23,1]",0.770873705569979,-2.95070692626459,-0.596487612259241
"559","p[24,1]",0.742045748467478,0.313688304427621,0.344094145630382
"560","p[25,1]",0.624913466603216,0.200770742820231,0.851935203256654
"561","p[26,1]",0.156242725373927,-1.64069505742734,-0.0977828956777624
"562","p[27,1]",-1.92419328293838,0.345306763007038,0.294272465415978
"563","p[28,1]",0.35940399246304,-0.585809687878038,-0.175627831885296
"564","p[29,1]",-2.95774626043303,1.84299310807718,-0.650562417336888
"565","p[30,1]",-0.529194583699954,-1.55644548242601,-0.462346252687869
"566","p[31,1]",-0.830770375106512,1.13353270309104,-2.49746850357875
"567","p[32,1]",-0.101838768081324,-1.14199876986171,-0.414921771233596
"568","p[33,1]",-1.13460613487256,0.0330140847347121,0.672668545783285
"569","p[34,1]",-0.242579577151485,-0.109113773126152,0.998332350167679
"570","p[35,1]",-0.374327873348107,-0.304154388257168,-0.140063250654449
"571","p[36,1]",-0.0257939526869319,0.241637511401917,-1.35226324994258
"572","p[37,1]",-1.88483416501741,-1.19966577991307,0.0457080667364112
"573","p[38,1]",0.667570254017424,1.36864466346041,1.28273106888085
"574","p[39,1]",0.624541304080096,0.088739284474142,-1.60559497019254
"575","p[40,1]",1.39943896612296,-0.474532254070106,0.257046107995644
"576","p[41,1]",-0.540426437671075,-0.109642498048319,0.689576933492501
"577","p[42,1]",1.30554339544451,1.40119627564718,1.26051420886468
"578","p[43,1]",-0.901102266457091,1.06264884496559,-0.718497161989686
"579","p[44,1]",-0.332257037900207,0.590492433007494,-1.2313033862535
"580","p[45,1]",0.102218128939007,-0.0726122246890888,0.768458628909789
"581","p[46,1]",-0.117761124545772,2.56251202935449,-0.613698002964746
"582","p[47,1]",-0.638932932232408,0.248806281337461,-0.385783629950645
"583","p[48,1]",2.60690610676619,2.33160855013676,-0.182072218236168
"584","p[49,1]",0.598753323269007,-0.172816994650162,1.572638205908
"585","p[1,2]",-1.26503254932062,-0.381860211145752,0.982702766337119
"586","p[2,2]",-1.07419800819287,1.23510931254695,-0.149930035815675
"587","p[3,2]",0.591088406956429,0.812295272654251,1.41934162957249
"588","p[4,2]",-0.780623021499201,-0.00874498742078002,-0.282722990457045
"589","p[5,2]",0.83153840432454,-0.609520053630123,-0.111079208045368
"590","p[6,2]",1.77078678830238,0.747540395834444,-1.00060965756085
"591","p[7,2]",0.576804700809441,0.00554045499259724,1.29647727112483
"592","p[8,2]",-0.250917584224043,0.219904278552359,-0.497612526863103
"593","p[9,2]",3.27010223755901,-0.455095416446322,0.114148706168116
"594","p[10,2]",-0.278837384645755,0.192382497673405,0.627852817241902
"595","p[11,2]",-1.91661271288244,1.50519894216228,0.4072452561937
"596","p[12,2]",0.470152212684162,-0.176341129649627,-0.00366622705333728
"597","p[13,2]",2.76458046300939,1.041594840522,0.646852805855192
"598","p[14,2]",0.191317271891785,-0.267454199910044,0.382389201686307
"599","p[15,2]",1.42409549393233,0.190893646324049,-0.889261068145942
"600","p[16,2]",-0.223466958854282,2.47526077168999,-0.544746703624477
"601","p[17,2]",-0.253639238100263,1.14897054425555,-1.46328219690139
"602","p[18,2]",1.86963131929156,3.18016169172516,2.17173694285118
"603","p[19,2]",-0.521404481791149,1.09284969050359,1.27250803282349
"604","p[20,2]",-0.686009677385572,-1.83376372695498,-0.919604195175031
"605","p[21,2]",-0.35628513610395,0.466388547213784,-0.439470596635899
"606","p[22,2]",1.29978354649387,-0.391683038756561,-0.622345046146226
"607","p[23,2]",-1.5434105425182,1.8412790357112,-1.48971413748888
"608","p[24,2]",-2.21812571441514,0.153049444427247,-1.25250097853685
"609","p[25,2]",-0.0695775695802739,0.169408505970327,-0.149018331889848
"610","p[26,2]",0.258076969751922,0.274212075749329,0.253231395993528
"611","p[27,2]",1.58360467427737,-0.888591936834767,-0.787629860953504
"612","p[28,2]",-0.684068607993535,-0.812764580438458,-1.25682317609253
"613","p[29,2]",0.33645491578143,1.60934349318037,1.66505222942321
"614","p[30,2]",-0.218095623404659,1.99806714206952,2.01537643244161
"615","p[31,2]",0.957494331502677,1.72081787702391,0.0847956755315769
"616","p[32,2]",0.0725038361582889,0.693323817657185,-0.928671300176931
"617","p[33,2]",0.096046198048901,-0.799072369723048,-1.28798149136289
"618","p[34,2]",0.418186788658226,0.116956123812681,-0.257576491921258
"619","p[35,2]",0.945004313750411,0.197343365409114,0.712072273559939
"620","p[36,2]",-1.57389798309276,-0.615541928825505,0.841681960084239
"621","p[37,2]",1.01615904762104,0.37308212217955,-0.265915890623857
"622","p[38,2]",1.40010619097728,-1.14658935076984,0.306590228761126
"623","p[39,2]",0.655501206692146,-0.740573710856448,0.414927965456835
"624","p[40,2]",0.691293314092473,0.592418386382699,-1.57266142666503
"625","p[41,2]",-0.865411698571847,-0.445195050301214,1.03881314271779
"626","p[42,2]",1.11987331485149,-0.0500324254197266,-0.419099578045027
"627","p[43,2]",0.266665077868013,-0.31517253451379,1.28625358194829
"628","p[44,2]",1.10492351565867,-0.789827696402337,-1.44693013878911
"629","p[45,2]",-0.168100661321604,-0.0200560971644156,0.784789595575284
"630","p[46,2]",0.632675161866307,-1.0342405570281,0.769280364354926
"631","p[47,2]",-0.438968542977741,0.238958951227946,1.02794278906552
"632","p[48,2]",0.190575098695934,0.668361957945103,1.7248155538301
"633","p[49,2]",0.76095706144285,1.66732719308619,-0.444463379104241
"634","p[1,3]",-0.21669863579495,0.169420515932957,0.108030742991128
"635","p[2,3]",-0.0326881342287634,-0.37994152397798,0.643627585906721
"636","p[3,3]",-1.93691179685828,-1.30383348253349,-0.896028348419404
"637","p[4,3]",0.696564396883577,0.366541203951411,0.28804631549876
"638","p[5,3]",-0.473045888617834,0.330847908146267,0.0183568287190403
"639","p[6,3]",-1.64342559995924,-0.956997882958324,0.957119614056867
"640","p[7,3]",-0.755374813628576,0.150756361064791,-1.44084353799079
"641","p[8,3]",0.544503263012307,-0.0585373540331175,0.275572613864941
"642","p[9,3]",-2.72721908665812,0.740656966819057,0.184746165613318
"643","p[10,3]",-0.230901264899747,0.127349493068843,-0.580516058807335
"644","p[11,3]",1.70775614546469,-1.4223417716207,-0.121268792343382
"645","p[12,3]",-0.503596755447076,0.421160565888547,0.256584118661521
"646","p[13,3]",-2.20223710460761,-1.55574621374953,-0.928617956920738
"647","p[14,3]",-0.240931281056716,0.606285400376342,0.235534652864459
"648","p[15,3]",-1.42410509944771,-0.412489086949888,0.613460502016121
"649","p[16,3]",0.0834221478612174,-2.01433609751361,0.984038174677213
"650","p[17,3]",0.224725213323981,-0.914011685169217,1.14643244398663
"651","p[18,3]",-2.10107168732645,-2.70448582507276,-1.6835275044234
"652","p[19,3]",0.278233161299916,-0.726461022292384,-1.50115730208335
"653","p[20,3]",0.150038299465932,1.29578439148203,0.901335269355701
"654","p[21,3]",0.475163933935714,-0.864016831967526,0.356742532639593
"655","p[22,3]",-1.3548517142056,0.660794378650631,0.861889604251901
"656","p[23,3]",1.0945431634641,-0.0783901277368169,1.83743634856103
"657","p[24,3]",1.5538341191595,-0.32445081788205,0.908866026957885
"658","p[25,3]",-0.736407079463089,-0.43207153302504,-0.684754196783276
"659","p[26,3]",-0.347568451192208,0.847038640945763,-0.170575900234885
"660","p[27,3]",-0.915198204910234,0.666936236264991,0.590309618076186
"661","p[28,3]",0.537060097624792,1.05595478467953,1.35408356596299
"662","p[29,3]",0.81821846250718,-2.37260488215193,-1.71174567958497
"663","p[30,3]",0.367949254012093,-1.35550770861345,-1.7646975162711
"664","p[31,3]",-0.362415157532651,-2.60693463177975,1.81047971294532
"665","p[32,3]",-0.0275705347016956,-0.114528458732548,0.921111384929553
"666","p[33,3]",0.520887533633147,0.807836842024133,0.627963680030117
"667","p[34,3]",-0.378745708274745,-0.087336983530306,0.0536903327769273
"668","p[35,3]",-0.746637362731603,-0.0791975648999741,-0.656554144966901
"669","p[36,3]",1.58453233211088,0.466070523880226,0.13167421134694
"670","p[37,3]",-0.252153916600898,0.0588515315230748,0.251911443703117
"671","p[38,3]",-1.52587816420448,0.710645119263061,-0.636069807176225
"672","p[39,3]",-1.00646213373868,0.735181586572017,0.209472841589243
"673","p[40,3]",-1.71950843319585,-0.257709513131815,1.64085880196161
"674","p[41,3]",1.04072666352984,0.422104324254399,-1.3370514281824
"675","p[42,3]",-1.87204640573125,-0.941964573514001,-0.289616003365059
"676","p[43,3]",0.25062065009012,-0.23543174328712,-0.932230163883188
"677","p[44,3]",-1.0024933742511,0.639502645855804,1.87022779787105
"678","p[45,3]",0.109022246826136,0.0605907583836046,-1.26037657966188
"679","p[46,3]",-0.556564663321687,-0.573346159401821,-0.23698238289525
"680","p[47,3]",0.65501976387094,-0.26477234251864,-0.815602403732944
"681","p[48,3]",-0.710805994392601,-0.863349824948964,-1.48678111856615
"682","p[49,3]",-1.20259794207723,-2.01381472500277,-0.355337213182201
"683","phi",1.40364121982584,-0.19115851314333,-0.322817586466639
"684","pi[1]",1.37139045993985,-1.7763418908006,0.443762257176748
"685","pi[2]",0.351926760164247,1.56586534515442,-0.12358364708959
"686","pi[3]",-0.846879256230451,-0.827059190408589,-0.0735857044443763
"687","q[1,1]",1.98521576211607,0.763909179362631,-1.25826143834914
"688","q[2,1]",0.358544108047756,-1.30709382941755,-0.131282382091257
"689","q[3,1]",-0.445513456196976,0.649390910948469,0.350748599210221
"690","q[4,1]",-1.26417891301179,0.45017622805001,0.416757880970442
"691","q[5,1]",0.0767418594997954,-1.0963753459188,0.261755210183285
"692","q[6,1]",-1.27918638085385,-0.845711534340875,0.9464701570313
"693","q[7,1]",-1.26641041776577,-0.71013943166672,-0.135668116786124
"694","q[8,1]",0.496294373690982,-0.261812502617801,0.273155429986686
"695","q[9,1]",0.650515219997952,-0.260639505827951,-0.911695957583698
"696","q[10,1]",-0.129889039507517,-0.542851746348599,-0.566005478064561
"697","q[11,1]",-1.35559982593972,1.15390768195989,0.493409496838618
"698","q[12,1]",0.133059455502943,-1.95720842329196,-1.11124187610348
"699","q[13,1]",0.368112455520423,0.712198394758213,1.44193341104933
"700","q[14,1]",0.204999511909602,-0.817795445064234,-0.736843213483315
"701","q[15,1]",0.0300521470935096,-0.873398383217898,0.960946880812823
"702","q[16,1]",0.910210834772859,-0.661987957601943,0.0924859906433477
"703","q[17,1]",0.475800445589363,-1.36024602524939,0.155887693340284
"704","q[18,1]",0.750496933482869,1.74177115991106,0.0647683017823787
"705","q[19,1]",-0.567944940071278,1.17258011418495,0.199144319941955
"706","q[20,1]",-0.258196507043862,-0.857855017400902,-1.27771390594221
"707","q[21,1]",0.804109076592636,-2.79864882838591,-0.499207531431453
"708","q[22,1]",0.358069933145636,0.326344210709406,0.035538928848589
"709","q[23,1]",0.486630944549283,-0.0915242837872744,1.02072421067772
"710","q[24,1]",0.491768762610299,-1.21820595210404,-0.369913501858412
"711","q[25,1]",-2.03234755568073,0.923420563812059,0.587168706461479
"712","q[26,1]",0.322368135883784,-0.976239503874886,0.0508551803477425
"713","q[27,1]",-2.64602564301957,1.66265261582501,-0.69894457963034
"714","q[28,1]",-0.498936998002768,-1.96893121333598,-0.395495137549242
"715","q[29,1]",-0.575421756567428,1.12329318975987,-3.7980801338389
"716","q[30,1]",-0.321886927958743,-0.729752051109068,-0.0872273199321148
"717","q[31,1]",-0.642537917490103,0.424447154328134,0.416649080287812
"718","q[32,1]",-0.599726436486705,-0.316385177987566,0.827806781771718
"719","q[33,1]",-0.0749415085972129,-0.302445505828509,-0.18542075311161
"720","q[34,1]",0.0784631901786261,0.14629210398369,-1.46118853204325
"721","q[35,1]",-2.39323669620575,-1.3303068294403,0.479966444070734
"722","q[36,1]",0.507367401403457,1.44149533545413,1.27544476313609
"723","q[37,1]",0.577812498711871,-0.00768637099313562,-1.37137043768439
"724","q[38,1]",1.50605603685901,-0.479064010471991,0.297518705424194
"725","q[39,1]",-0.786500632420936,-0.366940238275992,1.03866595494182
"726","q[40,1]",1.43724345393842,1.39376074277097,0.431203851295204
"727","q[41,1]",-0.792998114445078,1.09332381606792,-0.200719930261044
"728","q[42,1]",-0.654590066057643,0.616380757734766,-0.845205751759218
"729","q[43,1]",-0.283243548438295,0.499078899838126,0.780774085164599
"730","q[44,1]",0.24425502603636,2.1614023918499,-1.01356167096399
"731","q[45,1]",-0.466286331348915,0.300595053987617,-0.588638981746075
"732","q[46,1]",1.87966200975,1.16866910527035,-0.401096857059643
"733","q[47,1]",0.674052136344657,0.446843638291689,-0.31013301551165
"734","q[1,2]",0.081565344866585,0.857895078294237,0.849763177070832
"735","q[2,2]",-0.590008297179146,0.389453489141606,-0.749365496066148
"736","q[3,2]",1.17043350937343,0.916666131421079,0.870723657489425
"737","q[4,2]",-0.164668095023239,-0.472011306995678,-0.437581270751943
"738","q[5,2]",1.66426899367022,0.184625481442267,-0.317388307215314
"739","q[6,2]",0.605730873023391,0.472836548314148,-0.960322431963997
"740","q[7,2]",1.15771589574293,0.482515871331383,0.690086617850298
"741","q[8,2]",0.0574650010000568,-0.154517431459493,0.640014386383827
"742","q[9,2]",1.38054975012809,-0.554448571526608,0.253518141166065
"743","q[10,2]",-0.941652826728005,0.694615202518988,0.735942827866592
"744","q[11,2]",-0.869063669584461,0.70013532629661,-0.606053585550304
"745","q[12,2]",1.7860869557848,1.33409258944763,0.0519613508897418
"746","q[13,2]",0.941414845830773,-1.25554165018736,1.65703535860837
"747","q[14,2]",0.884039702710231,0.31870365172879,-0.863188678162509
"748","q[15,2]",0.0533043448239092,1.58306714801716,-0.501196897338153
"749","q[16,2]",-0.664724117406068,1.91624130694282,-0.970710623748066
"750","q[17,2]",0.848285042216756,2.49835900919731,-0.111001625204626
"751","q[18,2]",-0.634117782935934,0.626366037433066,4.02718547618046
"752","q[19,2]",0.0782374620599749,0.263209414664586,-1.2288096584741
"753","q[20,2]",0.206810195778289,-1.48659938005558,0.159319400148694
"754","q[21,2]",-0.363514655450143,2.03407884912032,0.161052029147497
"755","q[22,2]",0.878407018750241,-1.77534631863769,-1.01911255373652
"756","q[23,2]",-2.31950404978926,1.33947454723469,-1.25292588935684
"757","q[24,2]",0.172568564873792,-1.48352458378653,0.362529503339983
"758","q[25,2]",1.49509711361073,0.674935532109851,-0.172702928595321
"759","q[26,2]",-1.12250304298886,0.285892114409199,-0.104248055299569
"760","q[27,2]",0.93137262759437,-2.21382394192249,-0.461357627908407
"761","q[28,2]",-0.253707964117849,1.31956343806808,0.114648912389181
"762","q[29,2]",0.0483877768991459,0.593093712341671,2.76779135262085
"763","q[30,2]",0.457577945045649,2.17280978321185,0.194266716612292
"764","q[31,2]",0.30248631902499,1.91493016101452,-0.636517323528934
"765","q[32,2]",0.444020282093112,0.0635088278762806,-1.30321384393984
"766","q[33,2]",-0.622885999929971,-0.537691388391633,-0.668403848010642
"767","q[34,2]",1.02472377898762,0.326354776871105,0.388822380713965
"768","q[35,2]",-0.7638788293795,-0.242665825960109,-0.254997919232809
"769","q[36,2]",-1.11005027879536,-1.38083958493455,0.577073441577619
"770","q[37,2]",0.663616271511409,0.295949486865157,0.164568395549585
"771","q[38,2]",0.706716008307617,-1.2245923158932,0.38935698687725
"772","q[39,2]",1.08969155169561,0.227723370752327,-0.785556026821739
"773","q[40,2]",-0.520640572066689,-0.287161747998246,0.136815725015349
"774","q[41,2]",0.479701322476821,0.0512384848462492,-0.53063618408235
"775","q[42,2]",2.28308036404347,0.203608887954822,1.43446691709
"776","q[43,2]",-0.82161040298235,-0.58117104174285,0.313763284533038
"777","q[44,2]",0.520985680131909,-0.123248118644246,-1.17168979430021
"778","q[45,2]",0.617895108695718,-0.910174378634413,0.76436580046955
"779","q[46,2]",-0.958942686328875,-0.3237674191444,0.408708839144456
"780","q[47,2]",-1.27075159632422,-0.0142362126720761,1.40876286526759
"781","q[1,3]",-1.37335815834881,-1.06938848340973,-0.185745447574146
"782","q[2,3]",0.459265036965824,0.144475188344027,0.99416982783736
"783","q[3,3]",-1.08573224741211,-1.28572824165378,-1.07727621698791
"784","q[4,3]",0.524941365139194,0.343839855584504,0.129917093118611
"785","q[5,3]",-1.65887535354877,0.0680744549110816,0.290003796916731
"786","q[6,3]",-0.282681053177719,-0.218723561787426,0.716512706586931
"787","q[7,3]",-0.610509448354399,-0.24931556340577,-0.627095098019573
"788","q[8,3]",-0.328759505811462,0.302826520838699,-0.730756901810353
"789","q[9,3]",-1.90722519468375,0.685945833315827,0.057448107460835
"790","q[10,3]",1.00347099134298,-0.566279999879827,-0.535643729104979
"791","q[11,3]",1.20573916965653,-1.13230964932213,0.495331800595772
"792","q[12,3]",-1.91703301304753,-0.723208243929216,0.350117401324155
"793","q[13,3]",-1.02498062306772,0.882386493747343,-2.20945446332805
"794","q[14,3]",-0.955979165015325,-0.105193074580645,1.08212033805458
"795","q[15,3]",-0.0707809132040838,-1.43902428865242,0.296964869698769
"796","q[16,3]",0.275163972614387,-1.68911742472764,0.881180453074494
"797","q[17,3]",-0.966698249319051,-2.14081858476899,0.0719597218768823
"798","q[18,3]",0.30904817112145,-0.863100612894806,-3.20225282940393
"799","q[19,3]",0.0279126042065251,-0.668186036776075,1.12018572280526
"800","q[20,3]",-0.145842251143882,1.84620114284589,0.310060623094675
"801","q[21,3]",-0.00823110776225256,-0.934546497331885,0.0512388225591858
"802","q[22,3]",-1.07124488895797,1.71231046114736,1.05071152588041
"803","q[23,3]",2.13634758371575,-1.34245595799387,0.877456286811402
"804","q[24,3]",-0.259663494987812,1.6922055106951,-0.3114966937229
"805","q[25,3]",-0.638314773543876,-1.03973569440079,-0.124808785354925
"806","q[26,3]",1.02899302586983,0.147808243660844,0.0840378435417188
"807","q[27,3]",-0.229446661085801,1.73401859064985,0.683774905312963
"808","q[28,3]",0.381424633010348,-0.61754423143801,0.0557620229301371
"809","q[29,3]",0.195960623411606,-1.08500049034525,-1.77129642164149
"810","q[30,3]",-0.334911437337313,-1.9332391133007,-0.162847917458851
"811","q[31,3]",-0.0302123092044759,-2.25567614957998,0.633830179064864
"812","q[32,3]",-0.254130029479765,0.0921544502979487,1.02065734473633
"813","q[33,3]",0.778884421946314,0.911107054377973,0.774405336416005
"814","q[34,3]",-1.05824889398163,-0.377555570616898,-0.119315036902513
"815","q[35,3]",1.88885077193008,0.704133902457052,-0.0320148879323566
"816","q[36,3]",1.24983105538945,0.618023286759599,-1.42870592285862
"817","q[37,3]",-0.958994002457039,-0.347061596549315,0.616494017166606
"818","q[38,3]",-1.44378515242709,1.47381852027632,-0.56601064341132
"819","q[39,3]",-0.845026781141798,-0.170844147503652,0.511913013098737
"820","q[40,3]",-0.072088921325499,-0.0416380458832075,-0.302395725268284
"821","q[41,3]",-0.151872660115782,-0.542218555857167,0.593500126462919
"822","q[42,3]",-2.61166311712863,-0.50442217758136,-1.18433109986614
"823","q[43,3]",1.03229203282698,0.408429325319798,-0.657844408795127
"824","q[44,3]",-0.600456410124887,-0.382596611386851,1.51263087624535
"825","q[45,3]",-0.405028005786115,0.796888167355426,-0.471367969720453
"826","q[46,3]",-0.811821346658917,-0.799164707203846,-0.0987075728002984
"827","q[47,3]",1.16348740188227,-0.518125814995994,-1.28444070547078
"828","q.mr",-2.34231341527941,0.0692001020046809,0.0440620516051305
"829","q.weir",-0.673003525752543,-0.130060514787364,0.495844984235078
"830","qS.mr[1]",-0.935825984064073,0.160296459798119,-0.122676975313507
"831","qS.mr[2]",0.195480155904392,0.284834142603531,-0.594007678860447
"832","qS.mr[3]",-0.435369516105658,-0.501652259281182,-0.476828458057429
"833","qS.mr[4]",-1.00348605584353,-0.51471532036285,-0.411185823485775
"834","qS.mr[5]",0.827594792926113,1.11050000793633,-0.909011379616478
"835","qS.mr[6]",-1.40023591132946,0.304435320336929,0.0559771396361864
"836","qS.mr[7]",-0.000976126150373026,0.494245299026331,-2.96403412791551
"837","qS.mr[8]",1.05097720107811,0.727963800033824,0.0157831868769967
"838","qS.mr[9]",-1.92075472085607,0.586775967557907,-0.0462225438038458
"839","qS.mr[10]",-0.737916423253891,-0.450560696331681,-0.253122045213246
"840","qS.mr[11]",-0.662787679940942,-0.966262468408989,-1.22648843230985
"841","qS.mr[12]",0.482591248432847,2.04568018860193,-1.62054563373832
"842","qS.mr[13]",-0.0362696810236864,0.72873240780402,-0.836454464880758
"843","qS.mr[14]",0.556171173000512,-1.47062948146257,-0.813870547823344
"844","qS.mr[15]",-0.975100481956257,-0.355365427266372,-0.474285340958907
"845","qS.mr[16]",-0.596670567926204,0.912864997692115,-0.635838511594764
"846","qS.mr[17]",-0.0678291440234158,0.700514987586384,-0.0428775855638208
"847","qS.mr[18]",-1.6360065182544,1.16740595359289,-0.371145158885368
"848","qS.mr[19]",-1.74608937490319,1.24180328917466,-0.826912684236531
"849","qS.mr[20]",-1.36502607383175,1.95535067552644,-0.0228049653834411
"850","qS.mr[21]",0.793634305767592,-0.359648536006139,-0.0699412259657294
"851","qS.mr[22]",-0.774247844619953,0.726415230036082,0.869970669844553
"852","qS.mr[23]",-1.15992835527113,-0.972006682084873,0.114231956416174
"853","qS.mr[24]",-0.539873668390193,-0.819291447822913,0.0650431868269734
"854","qS.mr[25]",-1.02416584049975,-0.763141006768763,-0.174181378840196
"855","qS.mr[26]",-2.20757868180168,0.497003091721672,0.0536261324145177
"856","qS.mr[27]",-2.55040894923624,0.61016543636805,-0.341797626892247
"857","qS.mr[28]",-0.557357308054472,0.175246272325219,2.42682424679469
"858","qS.mr[29]",-1.36515953907628,-2.05019707225139,1.99460813384055
"859","qS.mr[30]",0.778940893022117,-1.40161403798944,-0.219556661902002
"860","qS.mr[31]",-0.0942108491551924,-0.861661658083873,0.747292352538607
"861","qS.mr[32]",0.363661685481243,0.207997664986366,1.65831767623645
"862","qS.mr[33]",-0.421096227499359,-0.125203947564422,0.431032030236659
"863","qS.mr[34]",-1.22106494472986,-1.15232245691477,0.374979143506988
"864","qS.mr[35]",0.167903145552248,0.771930288037798,-1.33680571533046
"865","qS.mr[36]",-0.505063130768254,-0.138037297512022,0.269534417091863
"866","qS.mr[37]",-1.02278612541381,-1.63485305645081,-0.563473338062249
"867","qS.mr[38]",-0.239076318383406,-0.501849465655576,1.14124604682589
"868","qS.mr[39]",-0.879241891403665,-0.328170945672847,0.894844775234119
"869","qS.mr[40]",-1.15149498548699,-1.1904066370593,2.02357084436222
"870","qS.mr[41]",-0.326323134651923,-0.202281489467845,-1.72546809615065
"871","qS.mr[42]",-1.492874756697,-0.522848329505946,-0.291459558403193
"872","qS.mr[43]",-1.40716555950843,-1.8845554221405,-0.0573920333969853
"873","qS.mr[44]",-3.47198488800247,1.23254648171182,1.5453376544463
"874","qS.mr[45]",-3.26485540474786,-0.280010929709756,-1.30941068208695
"875","qS.mr[46]",-1.55962531132355,0.738679014222942,-0.58880015615055
"876","qS.mr[47]",-2.99632766061181,0.903484780858209,1.06862939601725
"877","qS.weir[1]",-0.418550753521965,0.0424083850637796,0.353984476939109
"878","qS.weir[2]",0.82162544010067,0.242814003250152,-0.202733539126663
"879","qS.weir[3]",0.242244869411502,-1.06201875895187,-0.129903877464611
"880","qS.weir[4]",-0.62644502460321,-0.937056632431944,0.0473239041645852
"881","qS.weir[5]",1.40804352711662,1.11128803548484,-0.715482878443457
"882","qS.weir[6]",-0.991717521008238,0.166507077678324,0.512062891951303
"883","qS.weir[7]",0.25478562861515,0.488375651984926,-2.77756046381082
"884","qS.weir[8]",1.86135824524484,0.690503219117292,0.538642851583284
"885","qS.weir[9]",-1.87020471359001,0.535855384177544,0.225783286747005
"886","qS.weir[10]",-0.546270749419025,-0.636950380086515,0.0616510188844061
"887","qS.weir[11]",-0.128816711673694,-2.07527693807529,-1.01006099330871
"888","qS.weir[12]",1.11069744331478,2.56815270340047,-1.46485626320899
"889","qS.weir[13]",0.536058500086094,0.615546677299081,-0.578942994703984
"890","qS.weir[14]",1.6394676656372,-2.41040788474803,-0.652973938078334
"891","qS.weir[15]",-0.594867229499109,-0.494870300225803,0.0998896646254604
"892","qS.weir[16]",0.0679207161084395,1.03119372012,-0.203257864897483
"893","qS.weir[17]",0.848453110525229,0.813780576670855,0.386487051239086
"894","qS.weir[18]",-1.68954932781495,1.31326523394325,0.0895832811187172
"895","qS.weir[19]",-0.940032744720489,1.04312434878613,-0.515222938276246
"896","qS.weir[20]",-0.809990622645988,1.87026234562051,0.370193666043415
"897","qS.weir[21]",1.16953939507603,-0.50340469219335,0.179120539111956
"898","qS.weir[22]",-0.260030881058099,0.559306144511422,1.03200110356014
"899","qS.weir[23]",-0.448865095434873,-0.948238566742083,0.325795991612152
"900","qS.weir[24]",0.367862304581129,-0.751664849019927,0.621003415700326
"901","qS.weir[25]",-0.512879924696589,-1.32479980447722,0.292174944893864
"902","qS.weir[26]",-0.684976390710873,0.294784640108426,0.456956392945102
"903","qS.weir[27]",-2.75601575051956,0.459255588783245,0.000852277599549626
"904","qS.weir[28]",0.196530322509869,-0.0388132071777973,2.43510714031909
"905","qS.weir[29]",-0.741937803382561,-1.83525939375725,2.01579636848762
"906","qS.weir[30]",1.23522622631955,-1.51207119572603,0.0814988743399471
"907","qS.weir[31]",0.124476152057586,-0.90616761697968,0.959061287359781
"908","qS.weir[32]",0.877579625366528,0.0229862214788438,1.96695273700463
"909","qS.weir[33]",0.23714550583234,-0.228108340838027,0.709268488315839
"910","qS.weir[34]",-0.307034227581306,-1.13266043499556,0.66541858164433
"911","qS.weir[35]",0.856075174936825,0.404829435991792,-0.666079773302741
"912","qS.weir[36]",0.398230150032338,-0.302367516894813,0.618935897223667
"913","qS.weir[37]",-0.234002204992001,-2.08400766996272,-0.146887679393446
"914","qS.weir[38]",0.346938688727237,-0.542312535421315,1.24800397119268
"915","qS.weir[39]",0.0622332724559227,-0.395652034008364,1.03396834031691
"916","qS.weir[40]",-0.407501470998661,-1.20081624523885,2.77093337663286
"917","qS.weir[41]",0.296924046264297,-0.278508895516284,-1.00639477337598
"918","qS.weir[42]",-0.544721767738542,-0.676322368581289,0.22789434757542
"919","qS.weir[43]",-0.435387808851989,-1.673860495707,0.331041380548118
"920","qS.weir[44]",-2.91482366032052,1.01182088583307,1.64499317579303
"921","qS.weir[45]",-1.6640855782912,-0.340820919158515,-0.633090897237384
"922","qS.weir[46]",-0.606013937313485,0.390509333738018,-0.056671031195996
"923","qS.weir[47]",-2.47186984151805,0.891897699906899,1.21150198118475
"924","sigma.R",-0.630583612617871,2.58361382983379,-1.21197949165657
"925","sigma.RO",0.425214935337392,-0.439234137671578,-1.19968424388203
"926","frac1",0.1,0.1,0.1
"927","frac2",0.5,0.5,0.5
