"","year","h.below2.5.","h.below25.","h.below50.","h.below75.","h.below97.5.","mu.hbelow2.5.","mu.hbelow25.","mu.hbelow50.","mu.hbelow75.","mu.hbelow97.5.","S2.5.","S25.","S50.","S75.","S97.5.","N2.5.","N25.","N50.","N75.","N97.5.","log.resid2.5.","log.resid25.","log.resid50.","log.resid75.","log.resid97.5.","R2.5.","R25.","R50.","R75.","R97.5.","log.qS.mr2.5.","log.qS.mr25.","log.qS.mr50.","log.qS.mr75.","log.qS.mr97.5.","log.qS.weir2.5.","log.qS.weir25.","log.qS.weir50.","log.qS.weir75.","log.qS.weir97.5.","qS.weir2.5.","qS.weir25.","qS.weir50.","qS.weir75.","qS.weir97.5.","qS.mr2.5.","qS.mr25.","qS.mr50.","qS.mr75.","qS.mr97.5."
"1",1970,NA,NA,NA,NA,NA,NA,NA,NA,NA,NA,NA,NA,NA,NA,NA,NA,NA,NA,NA,NA,NA,NA,NA,NA,NA,83680.2442664908,116296.536485576,136236.070813172,156401.475534823,203652.894285254,NA,NA,NA,NA,NA,NA,NA,NA,NA,NA,NA,NA,NA,NA,NA,NA,NA,NA,NA,NA
"2",1971,NA,NA,NA,NA,NA,NA,NA,NA,NA,NA,NA,NA,NA,NA,NA,NA,NA,NA,NA,NA,NA,NA,NA,NA,NA,113655.213822216,128664.959813837,137045.620261563,146175.711056102,165282.059661921,NA,NA,NA,NA,NA,NA,NA,NA,NA,NA,NA,NA,NA,NA,NA,NA,NA,NA,NA,NA
"3",1972,NA,NA,NA,NA,NA,NA,NA,NA,NA,NA,NA,NA,NA,NA,NA,NA,NA,NA,NA,NA,NA,NA,NA,NA,NA,123774.879437696,139347.901662179,147515.135607475,156413.308659215,174295.009933232,NA,NA,NA,NA,NA,NA,NA,NA,NA,NA,NA,NA,NA,NA,NA,NA,NA,NA,NA,NA
"4",1973,NA,NA,NA,NA,NA,NA,NA,NA,NA,NA,NA,NA,NA,NA,NA,NA,NA,NA,NA,NA,NA,NA,NA,NA,NA,141195.03198828,159227.002037983,169068.386187993,179298.478926529,201091.411211303,NA,NA,NA,NA,NA,NA,NA,NA,NA,NA,NA,NA,NA,NA,NA,NA,NA,NA,NA,NA
"5",1974,NA,NA,NA,NA,NA,NA,NA,NA,NA,NA,NA,NA,NA,NA,NA,NA,NA,NA,NA,NA,NA,NA,NA,NA,NA,204879.87397521,225906.051056827,239347.843562999,252159.375258568,279327.527491795,NA,NA,NA,NA,NA,NA,NA,NA,NA,NA,NA,NA,NA,NA,NA,NA,NA,NA,NA,NA
"6",1975,NA,NA,NA,NA,NA,NA,NA,NA,NA,NA,NA,NA,NA,NA,NA,NA,NA,NA,NA,NA,NA,NA,NA,NA,NA,147655.435871767,166417.628046015,176727.161196681,188037.086786814,210033.992646511,NA,NA,NA,NA,NA,NA,NA,NA,NA,NA,NA,NA,NA,NA,NA,NA,NA,NA,NA,NA
"7",1976,48395.0943445198,55116.4542033281,58968.4613439889,63184.6651151385,71145.2879614914,0.325379240366265,0.362774982883472,0.383429537147675,0.402687079099333,0.440467936596293,80883.5798695173,90109.9214219215,95188.9035885981,100289.186993938,111260.828200849,136360.244713401,147725.035613344,154482.578484792,161187.887339486,174413.48917604,-0.227361680472194,0.0511004359545897,0.175278349132183,0.304486421255383,0.599429855366698,167765.765278271,190644.395791566,202936.313483191,217337.289009972,246850.392004179,11.7828527085497,11.8741385104387,11.922092012779,11.9673311787734,12.0575197989062,11.0548075676382,11.1166367150099,11.1502914302562,11.1839134771718,11.2452389719843,63247.2906199548,67281.2393416297,69584.1040573211,71963.4389865404,76514.7624088677,130986.91529724,143506.916337942,150556.244773527,157523.69633778,172390.892066201
"8",1977,35433.5343202469,40151.6592269192,42881.7371966419,45722.4019311753,51712.088014697,0.302292915894783,0.346668822967662,0.371027290391621,0.395278402590686,0.443501358098393,58160.5151009952,67304.497760369,72817.062514188,78674.2217644876,91290.4547851602,98637.9324139892,110098.772684835,115945.045144132,122083.265236073,135236.740710105,0.102840937834038,0.371948478735518,0.510648279920694,0.65692014384077,0.980276011185524,200221.178450746,229259.051027442,246150.792883622,263601.816396225,298901.135970753,11.4363039265697,11.5798365474632,11.6543399148382,11.7248684514505,11.8612485576489,10.6805320819851,10.817712778486,10.8825125831067,10.9460886598799,11.07246105611,43500.6906562525,49896.8312962331,53237.1948903237,56731.71411455,64373.7396311413,92624.0340193383,106920.040331832,115190.195832451,123607.741353561,141668.990352358
"9",1978,73171.5152678526,82807.4209293636,88164.7235324273,93993.6083829913,107397.513168449,0.427406711220791,0.467874350558279,0.489435283665385,0.50992223039724,0.551351637413173,78751.7721913556,87231.8639387354,92187.4022647839,97339.2041276932,108115.876187457,160210.957484598,173402.498066949,180702.312765135,188463.485745322,204225.999072334,-0.0153477999131248,0.2571348886749,0.388206920852303,0.51768774243953,0.819810137042688,202108.717593665,231403.948145083,247549.409385908,264359.246947062,297447.330332385,11.7569883195873,11.8421675123654,11.8908494575705,11.9368718685423,12.0265642099082,11.0236458409742,11.0860514077373,11.1170682095546,11.150611524002,11.2172357329369,61306.7874635869,65254.5730641865,67310.2770878113,69606.3810649988,74401.8238344613,127642.456631621,138991.424197117,145925.202478177,152797.969742609,167136.180358973
"10",1979,92420.743814608,105282.155782937,112709.185256074,120069.189658463,135675.277527446,0.445795479927106,0.484079559627101,0.505202578792475,0.528131765826864,0.567543513246402,94201.7201836711,103826.52304104,109917.914673043,116166.320385904,128732.4716402,195383.128202861,213314.452006792,222768.122644907,232716.095978001,252819.620992847,0.21158034847533,0.474114204385322,0.594816644821561,0.715233048193441,1.00975632692544,280087.726339424,312427.237615343,329864.299638953,347595.446978144,386670.589307576,11.930432968657,12.0175726905345,12.0676592361503,12.1126931105662,12.19796726871,11.1936757992177,11.2597804782898,11.2952052785847,11.3276055316048,11.3913865228986,72669.4096033269,77635.5312703854,80435.0478434103,83083.8428491138,88555.6567579763,151817.279758519,165640.108144741,174147.729227131,182169.54740196,198385.476668495
"11",1980,25941.7088371449,29378.2472489644,31502.3702665455,33693.6355380225,38290.5093661574,0.144504871110808,0.169836039308395,0.18477006096963,0.200213381705524,0.233404808045653,110942.881451799,128720.127796253,138886.807032171,149884.541956315,173297.54089386,142600.904671393,160062.322910191,170521.504980275,181798.08183833,204988.094985828,-0.356359327514475,-0.0631709632941311,0.0712051975774353,0.200284274868256,0.524835643162924,175351.126590014,197409.761702414,209389.629419484,222845.07288607,249099.854955176,12.0902412664832,12.2301779797718,12.301248162306,12.3713039520245,12.5040617282669,11.3445519133669,11.4660312261481,11.5286927486667,11.5944754857517,11.7100523973023,84503.8171512648,95418.830865505,101589.224407663,108496.748823371,121789.863638676,178125.077819622,204879.643283806,219970.376161408,235933.190666814,269429.416419575
"12",1981,40551.7443582179,46001.2356249735,49219.072343388,52608.1450836994,60015.2406462473,0.249197138035724,0.280756487334144,0.29881278742479,0.316941757245933,0.355050506751648,98412.8646363124,109513.942411518,115457.016910531,121997.610763446,134618.741162193,145666.953571879,158410.938462532,164928.60329026,172261.387216663,186059.614551194,-0.785262198871553,-0.486953249620083,-0.350403275529372,-0.224022648470922,0.080859085258717,104396.853593695,120596.457705194,129767.232168561,139643.958281696,160343.887674455,11.9811665079069,12.0690500411591,12.1148506039813,12.163203338604,12.2484879868371,11.2447500089989,11.3110394075388,11.3455324888919,11.3774945892466,11.4407751951997,76477.3588611943,81718.8035147159,84586.7140479411,87333.9530014832,93039.107654483,159718.235071853,174390.103353167,182563.001111618,191607.318132922,208665.545232154
"13",1982,103987.009279586,117489.827873373,125375.883638926,134410.512147776,151158.032886655,0.420786668042398,0.491129286027624,0.527425637665804,0.565091741294002,0.634333011184441,76930.9083643962,98231.6480121131,113282.317676609,127854.477942538,163368.942703305,196772.168839255,223181.692168478,239206.296453393,255827.820277113,294838.06291336,-0.64914475228717,-0.345106607629706,-0.211369270897323,-0.074199171971352,0.228475056058072,125091.998889295,139280.773121406,147669.637691261,156280.016249438,172353.845715925,11.7220929658014,11.9603022188984,12.0933644256047,12.214902590101,12.454019223667,10.9542587958831,11.1960778110569,11.3215646332182,11.4386234768277,11.6798167520083,57197.1182528492,72844.1722173002,82583.4566608607,92839.1300435468,118162.58213641,123265.148847346,156420.353432129,178682.260397138,201773.810240391,256278.297804359
"14",1983,99684.7227598605,113326.472179611,120706.632225522,128913.09347291,146473.381541843,0.338584051660136,0.380167333144354,0.405496533367313,0.430456315334584,0.479351627154364,142068.907266213,163889.261970651,177071.743076204,190629.771433154,221274.668051014,257929.731637327,283291.815843229,298509.4105691,314038.506293809,348694.056158989,-0.767922288235895,-0.429907930111701,-0.27205908521129,-0.110490583177881,0.218809368549559,122954.467750529,142983.166942265,154717.42130059,166302.67053778,192195.736711826,12.3396088600577,12.4682293719046,12.5421170588292,12.6124779206826,12.750802549116,11.5848906242145,11.7029693579501,11.7707800542418,11.8370660392986,11.9558288671594,107461.790950981,120930.267673372,129415.062507407,138284.168549892,155722.191064781,228572.53072362,259946.046116788,279880.235117286,300282.182795231,344828.527830516
"15",1984,82363.1248831897,94107.4890147994,100565.352573377,107393.401729274,121688.322809924,0.300963168718135,0.347067005790094,0.371658132716736,0.396453433643849,0.444990722375962,135920.381436472,157114.011096607,169897.653859046,183435.941510421,215115.747723415,231790.576551131,256950.841639694,271098.202372348,285889.311281911,316631.904960867,0.152929102201358,0.470096795873832,0.610187470115882,0.75938743554263,1.07009568567197,323178.134821202,355271.830700183,374492.543223733,393460.247348727,428703.715384248,12.2857746705955,12.4276228822587,12.5028991017732,12.5751689541261,12.7189915902631,11.5352602796156,11.665459491926,11.7283217494378,11.79701809687,11.9279064581587,102258.610421012,116478.209612173,124035.33331904,132855.599176365,151434.195827954,216592.865658028,249601.988716288,269116.352402871,289285.380092432,334031.838201627
"16",1985,110325.180921841,126055.156010353,134948.646278154,143641.906240959,163154.969564638,0.549769853275785,0.600195324155495,0.625329102761578,0.648126770047308,0.694713566345595,63505.9018587167,74621.7258526877,80659.2468958243,87376.3960920201,101339.522600752,186106.593167471,205493.976334179,215723.084935606,226932.201312918,249332.583055773,-0.316200807754328,-0.0394633371030491,0.0939151745078393,0.22856253110971,0.55757138968301,143167.52466553,161581.487847667,171901.646276206,182831.810152144,205829.136250309,11.5351439875064,11.6858601014591,11.7575094990171,11.8333540575438,11.9693213119333,10.7823683429383,10.9214455791468,10.9852994530226,11.0530827890851,11.1851716644194,48164.0629194284,55350.7550575523,59000.3970917736,63138.2970076921,72054.0396536316,102246.721585665,118878.842501538,127708.998067109,137771.81228627,157837.504499679
"17",1986,134461.481887581,151471.698459447,161614.828472388,172311.065507811,196046.532471034,0.794210447699034,0.818717528429495,0.831525490055219,0.842925961981221,0.8619830250846,27878.5701480104,31151.7267749027,32846.811300433,34710.290764196,38508.0722837503,166875.020616939,184501.568669169,194763.212118306,205754.81225903,229149.65907267,0.336433130112914,0.644250484286466,0.806154075380539,0.96417713527025,1.31963560004458,153638.021820537,174090.607367817,185160.073135478,196951.72897056,219697.52959976,10.7174350204695,10.8122280173938,10.8585217450508,10.9055575847611,10.9984494229075,9.98948383862251,10.0529679327983,10.0870944018758,10.1222776677282,10.1863171240127,21796.0461981881,23224.6137516931,24030.8668538278,24891.400662235,26537.580160568,45135.9813691853,49623.9082570926,51975.1887907735,54478.2924656339,59781.3742335381
"18",1987,58016.4542505658,65936.0043075905,70262.8505320188,74976.1428381478,86236.9101982388,0.432398522772436,0.483209711642874,0.508858831725414,0.534215131192123,0.58417568579115,54569.6906187347,62819.1503027587,67874.2844455658,73325.4972935726,85248.5665734472,120976.203131762,131884.941967467,138394.27870758,145761.503986316,161121.48823944,0.49089834658448,0.7576660785224,0.900465278360578,1.03977314821162,1.39421020522757,291600.683777884,328654.992762365,348201.018939793,368058.10980139,407597.002081837,11.3745605851363,11.5117335034159,11.5860691237257,11.6558001057485,11.8006460388777,10.6234402817368,10.7484801071646,10.8170543412584,10.8760625463358,11.0012056111021,41086.7225617647,46559.2097537856,49863.9884898847,52894.9181107183,59946.3708876656,87078.0903380758,99880.8750014423,107588.508613476,115358.518009094,133338.466961923
"19",1988,65606.5696514547,75569.5057736489,80366.5502622153,85735.5882940858,97403.1150753513,0.597428439500647,0.647043943038692,0.670422073195337,0.692927088434674,0.731467860514505,31336.1975413766,36627.3016196627,39579.154832141,42817.8600639622,49730.8013848937,103386.226460495,114601.673359362,120521.750472635,126335.742382993,138857.159293499,0.490934369010047,0.805861083590145,0.963349785445486,1.12069980192942,1.48381040298582,205497.933848137,235103.902079566,251362.229727385,268013.607426337,305695.087246132,10.826622075774,10.9739650557391,11.0436069680562,11.1164386057637,11.2568354121754,10.074082695219,10.2070929761105,10.2724900442514,10.3369395356999,10.4633501368445,23720.2102014955,27094.6880938118,28925.8241483366,30851.4656202752,35008.6391809385,50343.3632579658,58335.4387093723,62542.8354988384,67267.9116233246,77407.2266076657
"20",1989,123367.536118823,140731.161115994,150197.923206998,160172.635192712,180683.367045183,0.381356829440342,0.419662352162312,0.440346275555374,0.461506967134689,0.501515815922704,162737.609304201,180702.947673671,190298.755441255,200947.219202528,222291.248384865,301216.796297552,326413.988672661,341171.979460759,356063.11676099,383986.070756217,-0.384533886043031,-0.0416738295707724,0.115110447703103,0.282921513090722,0.616238241042672,194337.202135642,217131.742697148,229905.029065788,242730.53074522,267948.857608167,12.4799973252626,12.5700787869302,12.6165249498329,12.6612075314458,12.7516524467908,11.7458281205025,11.8103704708656,11.8453793736545,11.8781609237534,11.944855923665,126225.86006689,134641.432848682,139438.5628885,144085.322978856,154022.800917308,263023.148799283,287816.610424322,301499.896274305,315277.200192669,345121.730104941
"21",1990,124192.596861983,140532.181032664,150019.793969964,160203.44414543,181870.36924831,0.587434145246633,0.625517396854691,0.645672502572452,0.665338597152806,0.699712069991646,70760.4092433678,77906.7816197974,82528.2415876729,87077.4936247866,96273.9957854846,204879.427679797,222908.641315955,232788.478246945,243674.445098282,267642.6551869,-0.464908956280558,-0.142583016045421,0.0365797186909926,0.226911972448976,0.630914835309887,111754.923500882,142582.119063264,165320.585506829,191548.541281756,248190.11945935,11.645474087683,11.7307340579927,11.7787798564802,11.8255666266751,11.9129757868827,10.9061879052363,10.9756994663581,11.0071902796184,11.0397633083279,11.105376521294,54512.6413562467,58436.7041077489,60306.205267238,62302.9034732472,66527.8890100316,114173.45336574,124334.905985286,130454.509207196,136703.090009612,149189.980945759
"22",1991,52395.356523665,59083.0241076516,63299.2178820845,67472.3847921484,76400.894679727,0.410640013192068,0.449988391569168,0.470487208348205,0.492295411784223,0.533601178858492,60121.2931449481,67043.6878902896,70861.0957007021,74802.4899690397,82902.9573906639,118662.030637361,128931.67772977,134200.049606915,140205.83254544,152046.181395264,-0.0567350992178869,0.415374944453682,0.623197240213745,0.802622588982617,1.14358926834218,153248.265718464,231174.977959024,271874.733844677,308552.658889423,381649.270656622,11.4889825985903,11.5801832222241,11.6281181334138,11.6733442454751,11.7636932376436,10.7583734275986,10.8217148121137,10.8549592614559,10.8884501674983,10.9561410313432,47022.1209498253,50096.9202209695,51790.3575511455,53554.2355241076,57304.8783648708,97634.1499527851,106957.113239895,112208.960800501,117400.241748861,128501.163496994
"23",1992,92381.9632630659,105526.072789112,112461.97798647,120132.239810188,136325.600129876,0.402377351331169,0.442850808392952,0.463038765139103,0.484245083415904,0.523722943314514,111469.150466109,123994.979797425,130665.821109198,137906.16186182,152361.304559182,214285.057451197,233940.523192321,243819.936745998,253931.692298404,276111.925847229,-0.710626824279004,-0.147851508418289,0.0737594794695591,0.280738266740812,0.708554220144411,102863.478032153,173215.641764466,210301.669340832,249548.284562959,323713.042721433,12.1072822566258,12.1914190688537,12.2379277387181,12.284140852843,12.3731822504763,11.3714876006105,11.4314292627615,11.4662840906362,11.5013097408522,11.5625302422351,86810.9115168844,92173.621066791,95442.9619204809,98845.1478085855,105085.569223471,181186.516455476,197090.653496047,206473.579619734,216239.280496635,236376.759728249
"24",1993,83322.7903409782,94539.7069893611,101541.439018918,108198.485316155,123029.824156711,0.217119987060162,0.247111855829557,0.263429859037347,0.279841297180006,0.313056927654171,243713.967456249,268599.166292658,283667.239976833,299414.779179015,329762.908444153,339973.985067947,369371.920894661,385742.994085423,402275.971790021,437154.88454946,-0.137299054020631,0.332106862524972,0.580053520342425,0.844062478441857,1.34648701028914,252910.986715353,305878.975127327,330925.206042208,359497.989665398,414621.895532198,12.8824218506381,12.9672088402828,13.0115757729742,13.0606150354366,13.1485842317637,12.1460235680978,12.2104661250872,12.2432335533818,12.2759250110806,12.3373739763758,188343.663066688,200880.629027052,207572.001452958,214469.970761575,228062.268110653,393336.929596479,428141.420181781,447564.425071391,470059.723060634,513283.822931815
"25",1994,104243.857773469,118877.940335817,126234.85786858,134490.662624708,151756.222920261,0.475572973379254,0.518906082049877,0.540410674490021,0.560802497704691,0.599647054008733,91608.519216423,101643.359506563,107819.316810892,114292.131135026,126814.366481283,206551.012354477,224534.267608394,234546.681344857,244919.487727626,266676.174870226,-0.0150211222282826,0.255539788836054,0.38714487722396,0.506758899426771,0.81942697684467,224502.912642476,250173.36092515,264209.840964718,280197.737307486,311779.216269708,11.8999452806731,11.9952977069432,12.0468621533644,12.0963540215805,12.1892033314262,11.1308483626602,11.222873522739,11.2754217098395,11.3241352802107,11.421726927743,68244.2437196755,74822.470216021,78859.3930617665,82796.0207146297,91283.6469028876,147258.568163815,161991.267261662,170563.36578558,179217.247559121,196654.435246674
"26",1995,57494.2413125211,65882.8212142138,70316.0276809152,75153.0531061876,85554.5560907453,0.35434266596719,0.393737837221229,0.413924796540364,0.434807283309572,0.47540324145467,84747.0325035526,93988.1454119548,99585.1002844416,105303.161168215,117546.705894073,150345.677620191,163005.448449524,170175.088184051,177499.438577101,192495.786133128,-1.6371991338412,-1.3362447002464,-1.17662930582423,-1.02234376487189,-0.683841410164335,38954.2136579977,48542.8821023054,53707.6693170402,59512.3457715964,71452.0427604516,11.8271181920444,11.9161858069861,11.9676046274573,12.0156473384512,12.1079958566677,11.0489048461875,11.1464188635458,11.1953394989959,11.2453316839888,11.3362151377129,62875.0591039088,69315.1561460622,72790.4105152045,76521.8565530067,83802.2501852613,136915.359073895,149669.649522759,157566.776907129,165321.4994373,181315.857509032
"27",1996,81242.1317317338,91578.7310568044,97771.705176249,104505.324329537,119006.279568016,0.314236274078536,0.355217369549222,0.378690159851709,0.402031476578403,0.443516091172227,130390.580368411,149750.953868156,161237.972716682,172868.14386577,197607.242732733,223374.109253754,246072.378601731,259871.273787657,272900.634731104,301385.14390466,-0.603622823154075,-0.30966748683834,-0.168667902308169,-0.0265403407725846,0.28027485671879,146798.887511732,162132.496726531,170033.700967806,178691.025438118,196259.958741052,12.2507269251919,12.3828338676973,12.4492205660469,12.5114327541427,12.6320982353112,11.4614120197139,11.6036805741123,11.6773093386623,11.7481865178313,11.8832622426826,94979.0894831477,109500.081813078,117866.669059193,126523.903455764,144822.228791043,209133.257903075,238669.224667437,255051.451098228,271422.724665493,306231.992045891
"28",1997,61900.2015216865,69479.2597306865,74417.9463280179,79715.3298394546,90915.8711299366,0.268455518411734,0.307004095911268,0.328848840278906,0.35122931808134,0.397693257524063,124298.584231137,141486.573165455,151774.533218451,163158.293113949,185826.274423721,195821.715298763,215499.107292997,226922.925333416,238687.370226895,263261.582620662,-0.711689797525868,-0.424325257526958,-0.28782310253438,-0.151236706020559,0.138853798030785,127343.154883921,141711.100995229,149215.566385555,157972.933188256,174365.903091395,12.2052409900903,12.3243284170523,12.3887800400421,12.4543129237274,12.5735049931317,11.4076165372928,11.5436660984336,11.6176696810247,11.6903444706634,11.8288163886946,90004.64323562,103121.800580933,111042.654943978,119413.133614864,137148.066329304,199833.738175067,225106.390762951,240092.618954248,256353.57530949,288804.421931119
"29",1998,94818.9591900781,106731.767011146,114420.178320496,122106.449970463,139036.660203029,0.392418956866157,0.436182351782535,0.460410325328643,0.48369514537879,0.53109124495858,110892.337936539,125421.563987616,134005.811272979,142927.52544985,163013.955320636,217723.557866814,237596.34461773,248615.690673308,260649.496982526,284177.671266264,-1.30865810493854,-1.00225031371216,-0.864849470066131,-0.723407898659717,-0.420792432717994,65113.5484833294,75595.4524948505,81663.4932834837,88233.7967506529,100851.657888418,12.0924074149762,12.2042869665056,12.2637968158037,12.3240633213785,12.4371669717301,11.3027477413107,11.4268849640575,11.4905422286908,11.5596339073764,11.6902624992656,81044.0221069867,91755.7068913866,97786.5410578263,104781.646643942,119403.345606659,178511.342200522,199643.184265825,211884.547046828,225046.724219394,251995.616708504
"30",1999,121391.291077554,137151.386785219,146391.370996711,156690.525632567,177422.036123282,0.427176330766578,0.463315715830205,0.483172159420184,0.502690904554479,0.53881472019499,139426.265235961,150622.880316019,156740.963806948,163480.684861207,176749.396427863,273403.346986326,292455.834584174,303279.795762784,315350.701248466,341240.32792573,-0.840565419647285,-0.535076936515669,-0.407355278570763,-0.268314657567321,0.0282608922212993,116484.44283837,127782.516011569,134153.492834643,140919.687397942,152914.946382921,12.3346397486062,12.3908150854442,12.4214108988968,12.4523546313912,12.5114315699491,11.5332861833172,11.613021498089,11.6504981634911,11.6887434044959,11.7640958505169,102056.941232936,110527.70561891,114748.512342548,119222.098275358,128552.912875464,227439.545836516,240581.715805735,248056.271600545,255852.051242855,271422.403249036
"31",2000,66063.8300178912,74585.5082210629,79566.8694493032,85065.4580040872,96012.8874983185,0.483470443884037,0.522200070307086,0.543104708992552,0.563814374458507,0.602018381656613,58264.2417676491,63802.0212733503,67101.3161538227,70350.8031500306,77252.514304505,130681.0798931,141004.152802983,146823.598209658,152863.780502301,165675.24621991,-1.30200201554177,-0.992946566592393,-0.854234146012589,-0.708019956374823,-0.380612580208342,47841.0647868995,55396.3853898155,59652.1653444403,64563.4543109763,73939.9355369665,11.4591670571353,11.5316091000608,11.5726656551771,11.6123006705643,11.6895652574586,10.7105424920043,10.770924103137,10.8000988666977,10.8305264999774,10.8869102728087,44825.9504469917,47615.9992831314,49025.6479008915,50540.3092619872,53471.8311070349,94766.1028929013,101885.926868521,106156.070692282,110448.062994793,119320.122724017
"32",2001,49524.0192963586,56073.8934979659,59951.3364065587,63959.3231187844,73204.6379477736,0.411326105693273,0.452041103683897,0.472145503294464,0.49431569225417,0.534711742433996,57447.6710881339,63472.244793633,66807.5162722212,70451.8512616176,77995.0802793875,112688.41505212,121681.416021948,127090.966756291,132447.790120783,143812.583934763,-1.21178687085148,-0.908131030079875,-0.75783281418483,-0.623420890678763,-0.313253044020658,53430.83948787,60752.1759310813,64737.7721633888,69562.8014121995,79255.5932621634,11.4393703623419,11.5249260846621,11.5691285240936,11.6147044861086,11.6957513815847,10.6450570054521,10.7446409088162,10.7978610916176,10.8506979986297,10.947126023126,41984.5515134191,46380.8022950799,48916.0621876382,51570.1346854594,56790.5957471811,92908.4949381255,101207.291608315,105781.2460446,110713.879043008,120060.538460529
"33",2002,39543.2066295616,44863.8346898455,47969.3967378718,51263.855821649,58214.790785426,0.287489979365467,0.324380613031658,0.346241630525635,0.369248052836633,0.411990384040884,74205.1056444865,84404.8555053747,90505.1520698353,96957.217048941,109413.220383525,120203.262010313,132157.489739534,138621.029824705,145593.604908127,159897.552903508,-1.68159334561433,-1.3838029734149,-1.24946512527316,-1.11633629486534,-0.792083167635777,38624.4024473352,44441.5892657137,47647.6851929699,51244.586843392,58101.6692403525,11.6866864582562,11.8110253765197,11.8702510862301,11.9309178693178,12.0470688130694,10.9251892250742,11.0421113766419,11.0992302856572,11.1567543253291,11.2636809609095,55558.3570877839,62449.3668440337,66120.2469796237,70035.2752781891,77938.9387195933,118977.116881106,134729.639259525,142950.127016629,151890.91374197,170598.61862771
"34",2003,40951.9594190895,46702.9150628028,49977.5198585786,53342.7878739707,60417.2625152742,0.343657806784179,0.382800609967482,0.402262315897197,0.423353055229141,0.463678414842999,63915.3242494029,70355.7393339019,74011.7422317076,77905.0494622247,86906.1384390003,110212.598261756,119576.288025051,124207.243074132,129417.400746475,140184.892715486,-0.331082274437776,-0.0543987888631476,0.0787598625510135,0.211456330123062,0.527105301904388,136745.048675858,152703.974302986,161557.340220807,170473.312509617,187795.243635698,11.547713394005,11.6296171067707,11.6715605026884,11.715686909987,11.799092480102,10.7570718622371,10.8493893077095,10.899587908703,10.9519647808283,11.0501406876416,46960.9585044319,51502.6896846862,54154.0428583549,57066.0576300328,62952.8106659989,103540.010721744,112377.285422276,117191.016690376,122478.025599513,133131.48092328
"35",2004,41506.0471885948,46984.6085070054,50335.7178445444,53557.2655952586,60613.5099233564,0.340091643353084,0.37493155145291,0.393791340028015,0.412955182268979,0.450912543149282,67657.5140958057,73622.1961961023,77404.5746909965,81093.7346112836,88662.2724589018,114331.63843653,122963.418067777,127692.956886943,132724.101159644,143155.941525523,0.00443405118340521,0.267136022911172,0.399272274720015,0.529860320740931,0.843004577563639,199438.391487591,218278.364467552,228179.031085782,238219.526164712,257640.533837264,11.602773505405,11.6754018773649,11.714829773798,11.7524049885595,11.8221227731016,10.8040593107882,10.8941867014568,10.9412398284549,10.9920932416415,11.0806177933575,49220.1962330367,53862.3341150175,56457.2971744784,59402.598060494,64900.966413389,109400.802632777,117642.056920313,122373.09023799,127058.76675368,136233.114367713
"36",2005,19038.046764785,21699.9807983556,23312.6608916786,24868.1756604108,28175.3375168426,0.247444530343619,0.281689782011561,0.30146587362557,0.322379659485488,0.36027616237414,44620.5613832264,50668.5218034565,53908.3367546157,57572.5981829231,64790.4132296011,67155.8625708247,73581.5226185207,77359.0840901673,81433.0293854589,89235.8362947299,-1.11874194887256,-0.798951080552616,-0.651972837486718,-0.491085824032457,-0.146599277518628,50624.4089315698,58806.8108222016,63289.7824993077,67996.3068964831,77242.9907403816,11.1843881528144,11.2970728991024,11.3554373107989,11.412914857371,11.5248973885553,10.392435992037,10.5189154483039,10.5841382174203,10.6458089800445,10.7699257964879,32612.0134630588,37008.9646140255,39503.2496788417,42016.1345973424,47568.4876357259,71997.6066864985,80585.4103634319,85428.6933550021,90482.7819934591,101204.388506756
"37",2006,13116.809999129,14965.4559479377,16007.035009219,17098.6826309123,19416.6924975498,0.180632672628454,0.21210715647893,0.232735455297598,0.252527799805502,0.29371922785294,41462.5722382008,48539.9675370281,52769.9387739792,57388.9773710832,67611.6942493534,57047.6147645229,64450.7489061918,68889.0813976448,73530.0313938432,84151.7414889178,-0.762203706552743,-0.461825459204196,-0.313965660268824,-0.158803647708775,0.209010695875307,72385.8959661079,82074.9440719411,87411.2017752922,92552.8021589661,102913.388997805,11.1096685126675,11.2546576928136,11.3303028111038,11.4136031115364,11.5646723217109,10.3259580716577,10.480240045885,10.5618369315881,10.6420577036099,10.8016625012344,30514.5248079865,35604.9534244879,38632.0272597433,41858.8157712585,49102.3660957951,66814.0404482571,77238.8381400147,83308.2457301304,90545.078583965,105310.913041749
"38",2007,11962.6796560975,13476.6656866392,14411.8527820472,15413.2786491135,17511.7708263348,0.22115641724728,0.252623676880381,0.269406685673085,0.287380515033806,0.324576807905045,33004.4074087655,36764.8365379827,39016.1282567646,41369.9301499892,46379.5432338789,46874.9666298185,51150.3310250055,53482.8216866023,56022.6242257861,61368.0782719254,0.41411539873243,0.693260552810628,0.845302419334318,0.994067260043176,1.33750249795831,192171.326138633,210903.097143575,220932.440448943,231331.31414968,251888.366425711,10.8810078075788,10.9808257717163,11.0291390282007,11.0830545905936,11.1777466260654,10.1125065709285,10.2090175579616,10.2589747369858,10.3103130267241,10.4009182825247,24649.3687780163,27146.8842438888,28537.5127321161,30040.8387691717,32889.8139646901,53157.14511711,58737.0376526017,61644.4840308197,65059.3097618868,71521.0169408851
"39",2008,18556.7894674215,21079.0587241856,22526.3086600456,24156.0152882459,27205.1394055283,0.184885987006227,0.212753885076962,0.227852337657983,0.24286962307486,0.273929758280961,65843.5627581975,72951.1979346696,76717.2657616186,80604.7238972766,89280.3748161402,87330.3532195213,95295.5668925552,99186.746442359,103570.080242909,112296.418589975,-0.362221211837696,-0.0831547893210058,0.0542901177229531,0.187956263449814,0.512067815387086,134225.85569425,151248.073405523,160881.959087707,170776.944971468,188828.461551329,11.5521147997168,11.6526158525002,11.705523866815,11.7567461162761,11.8553846718193,10.7523145043395,10.8733742586152,10.9338813612569,10.9938313374632,11.1132022145557,46738.0788816126,52752.912264926,56043.3827218263,59505.9351849869,67050.5582673392,103996.736721349,114991.771509968,121239.579994626,127611.544068619,140840.694477443
"40",2009,68992.3054265609,77643.5173241669,83074.671615202,88654.3088098588,100521.54881142,0.30411800737074,0.334306925669611,0.349593869283322,0.366319716616412,0.396945993302514,140826.464051858,149432.045569471,154108.491027461,159313.259953432,168481.644191218,217021.119551568,230100.283507948,237343.966560218,244809.216278397,260327.200786259,-0.42936049352645,-0.144351687660374,-0.0133502673071826,0.122324664753036,0.416099046600375,172856.560693421,189279.318343206,198252.897218206,207730.910387925,224857.634421176,12.2886262991952,12.3643192672767,12.4051245312166,12.4445388912208,12.5216425522258,11.4874425530576,11.5814152913212,11.6339196992136,11.6830895326495,11.7856596233089,97483.9037015791,107088.97303638,112861.840541514,118549.933749443,131355.100202657,217211.388562256,234291.013080356,244049.055508978,253860.172189657,274208.090696444
"41",2010,40481.0879310238,46089.6444657756,49213.0885701908,52510.0983757428,59456.8698078081,0.407561669274564,0.441618603099812,0.460775538656221,0.478328457350795,0.511864258958705,52655.6633870577,56109.3606741247,57807.6053075037,59431.0233155484,63205.5613518298,96855.3742310655,103506.674868953,106966.522927738,110892.618355091,118577.492720425,-0.836787270985153,-0.535325556749345,-0.396231327770406,-0.248211156697719,0.112477883721169,69349.275704489,80027.2644185366,85867.0295511619,91995.2376570885,104375.358903,11.3192601748753,11.3855286295084,11.4228807185029,11.4586365762615,11.5250722824374,10.5101816451387,10.6021655503993,10.651315760617,10.7004273846193,10.7891020796876,36687.1459547687,40221.8456348224,42248.1464420726,44374.8163238443,48489.4768042004,82393.3636870558,88038.4235613666,91389.0291128138,94715.8443689377,101222.089058746
"42",2011,12905.8841496326,14787.7733405635,15785.6861791088,16827.7788904614,19063.4821107568,0.162688355659166,0.183629823766968,0.194962217081008,0.206224988991012,0.230276070281752,59948.7854592561,63199.9982334863,65148.3184944937,67218.7033027038,71073.278142535,74958.0803549304,78805.5325403237,81038.1185372988,83219.3907352836,87709.5395293255,-0.654850452799707,-0.331346478579371,-0.163313931260095,0.0157891164167667,0.382575348995221,84598.3603845296,104074.24186935,116164.322500432,131291.046108875,169368.613448632,11.4388944989971,11.5089530261527,11.5436541431469,11.5788258958203,11.6454128311683,10.6355695757557,10.7252424466841,10.773045132674,10.8189743034737,10.9096929207788,41588.109515829,45489.7564660076,47717.1014079904,49959.8172657783,54704.044251188,92864.2937803716,99603.5440896751,103120.567733837,106812.03600355,114166.459245063
"43",2012,44957.0097628315,51262.5873563721,54667.6079763783,58442.6448682741,66324.4113045722,0.273066466590319,0.306859030359445,0.324253927005559,0.342328433917833,0.3804458316303,99190.7820551149,108802.689391664,114066.002394878,119556.916732087,132248.4100025,151554.581509918,162838.562791329,169132.213864055,175510.39093019,189926.105990468,-1.22171292516302,-0.518255895541411,-0.184443781059856,0.159956866847698,0.907205380792591,55428.8715983039,109820.969279925,153211.750329854,215037.419131529,444799.197401331,11.9628249298692,12.0545067611796,12.1036018063737,12.1509736260204,12.2482263661989,11.1613689060331,11.2727906455734,11.333439080164,11.390350852002,11.5009636376899,70359.2058969545,78652.1818105103,83569.9329137977,88463.9903198262,98810.9432361446,156815.452410564,171872.252389825,180520.894591788,189278.286419623,208610.961158484
"44",2013,61706.2079848126,69943.3603035075,74476.5708574182,79697.0968971988,90375.9352235325,0.314024197186178,0.351531584824482,0.369327885803039,0.38877470794854,0.42717220588152,110567.935016687,121182.078364348,126887.885477226,133239.09214238,146014.673081997,181091.121037397,193870.562173747,202067.373878933,210046.924349764,226314.146176358,NA,NA,NA,NA,NA,NA,NA,NA,NA,NA,12.0786779965913,12.1603135702197,12.2112742171302,12.2592637733764,12.3486792838826,11.2724428716436,11.3809777300343,11.4392276747578,11.4973779325531,11.6084144421889,78624.8343320415,87638.679916242,92895.2390263591,98457.2710180983,110019.670297933,176077.232179975,191054.41662539,201043.024752054,210926.239109401,230655.21202207
"45",2014,68415.5034638569,77537.4932794423,82974.7632392499,88666.447404455,100107.392837433,0.462685014468465,0.497023214022845,0.516548251960405,0.534461824081969,0.569759398346256,71046.2699721967,75354.0639440722,77695.7503025263,80137.8377032639,85106.6259094211,144280.543384827,154859.015319256,160863.779298918,166830.870710452,178677.704782037,NA,NA,NA,NA,NA,NA,NA,NA,NA,NA,11.6062891702153,11.6811070937625,11.7191341988,11.7578414633559,11.8390320241255,10.8027492616133,10.8991996985007,10.9477063829544,10.997757717889,11.0973887749213,49155.7575852788,54133.0237198095,56823.5642909989,59740.0374064514,65998.5978746789,109786.096097729,118315.148572692,122900.971361998,127751.401963193,138556.301001783
"46",2015,27638.1542325181,31287.9988098844,33401.5776242583,35675.0237714757,40478.4976312775,0.212681904496609,0.245677724036353,0.262523365260385,0.280879204809418,0.317124147256838,78355.1138719779,88354.2539462757,93718.2298855463,99637.9184521279,112702.643760963,111130.163162097,121581.104815814,127279.092794651,133497.239105511,147235.628379409,NA,NA,NA,NA,NA,NA,NA,NA,NA,NA,11.7423496916004,11.8505458062008,11.9056097655579,11.9635961403766,12.0785426181264,10.9439897556723,11.0710941823079,11.1375815527855,11.201129258294,11.3242551543323,56612.7642591989,64285.8087620858,68705.2952334973,73213.0717577429,82805.9471355173,125787.555038783,140160.826982866,148095.078148213,156936.43673183,176053.396828861
"47",2016,29744.2475370034,33673.0944082862,35932.6832999859,38482.1456325002,43378.5017134761,0.285653628434794,0.316669760903653,0.334679861591025,0.35301446607164,0.388443179453748,62542.7209619426,68280.6253492714,71574.8629625524,74971.1098167972,81493.9572043083,96457.7446350798,103608.504737032,107710.38490349,111782.670639041,120143.073645506,NA,NA,NA,NA,NA,NA,NA,NA,NA,NA,11.5024366774448,11.5905320922256,11.6374067030829,11.6834428090603,11.7657917530811,10.7036464970009,10.8075708791833,10.8656639367403,10.9219667765922,11.0255209562375,44517.8939010066,49393.340236384,52347.7343692809,55379.6112937349,61421.8527901155,98956.6032369336,108069.745821289,113256.077141161,118591.822042793,128771.108304197
