"","Chain.1","Chain.2","Chain.3"
"2011000",12.8666316938506,4.12320471545214,2.48909267159211
"2012000",4.42968705329069,2.72387256644374,3.45567538296842
"2013000",2.3908446811703,3.68918261268018,7.26405275788263
"2014000",2.76170466694129,3.42279587890632,2.6883984235114
"2015000",3.05076623773591,1.87122128133198,2.31753775622737
"2016000",3.68922006519127,2.49803918779754,2.3120883986639
"2017000",1.75897851209437,4.28704002570354,2.15024859159849
"2018000",2.29492296923954,1.92193085358579,2.58989338280146
"2019000",5.14924791072117,1.94687779479113,2.61908347304326
"2020000",1.62679484934592,3.88042045112841,2.64324676643929
"2021000",4.6900041091498,2.50172748774652,1.96891051660948
"2022000",2.14489659325359,3.21056097872918,2.71155116818194
"2023000",2.2051113850807,2.67305794273995,2.54957433889019
"2024000",3.45615666256938,3.67549343858911,2.24029366003879
"2025000",2.14951318363467,2.68161220323528,2.11957543781871
"2026000",2.66015155889198,2.33426628454944,2.2312973965238
"2027000",2.85451326841442,2.60489278353678,2.74917061542939
"2028000",2.73415513412854,2.62655892086662,1.76993422604827
"2029000",1.69754849726815,3.36193589726322,2.98545525170123
"2030000",2.96388654162628,2.80584755330994,2.55493132545267
"2031000",3.67290427163517,2.74709033042266,3.1043226601426
"2032000",3.57766152398777,2.92261968549309,3.40693484441291
"2033000",2.82925831221498,3.28071273156336,2.89143376316618
"2034000",2.20338939093348,2.47535775794584,2.99988462625747
"2035000",1.90389195115222,3.12414683967891,2.83942626309863
"2036000",3.01947530476474,3.98132213279648,2.50974158010329
"2037000",2.7574928003497,3.8936386676132,3.76625851317939
"2038000",4.27175286662313,2.48579148577379,2.9731944942717
"2039000",2.51043953458089,2.69183206574823,3.35913521543235
"2040000",2.21236424157613,1.57536970502522,2.81935895140116
"2041000",3.66289977653498,2.88407052922911,4.59062022808747
"2042000",2.39442307412349,2.96556017822533,2.5704489444627
"2043000",3.60293804523366,2.69289234766595,2.06868665696146
"2044000",2.1451631794233,2.48127207311409,3.48840746545357
"2045000",2.00510817778741,3.17638280212696,3.16181413118919
"2046000",3.10972339715053,4.30754186558755,2.75395924597416
"2047000",2.61916351331391,3.35885763117998,2.68234319264902
"2048000",2.03965399663856,3.06358108553121,2.67595435471573
"2049000",5.54891349625947,2.75653069514,2.49207210581455
"2050000",2.01768542091393,3.07875052287919,3.51403057816678
"2051000",3.13602677743056,2.68407168766526,2.19037810194344
"2052000",1.46661967436608,3.09260348159345,2.5568681919461
"2053000",2.39626279960966,3.02816562810093,2.393609659122
"2054000",3.5442286663061,1.95399382187865,1.94030922022485
"2055000",2.78130029814929,2.97869619815206,3.08749802631977
"2056000",2.80746571397765,1.78654280953975,3.26367927832002
"2057000",3.41837714930186,2.96593805196186,2.91316929110456
"2058000",3.04509562704226,3.17258625763204,2.72917365782097
"2059000",2.58170070749087,4.22171073150521,1.52633301824707
"2060000",3.87191371149553,2.0038314660983,2.4175141727117
"2061000",2.99316637615148,3.00656164371433,2.33490801814527
"2062000",2.52395931164084,3.2478609027355,3.25183140638618
"2063000",1.7508049305991,2.12097538427549,3.02976839554628
"2064000",4.97765444023286,3.25196718578328,4.89802606151165
"2065000",1.59648259095719,2.91149798369112,3.13936903110496
"2066000",3.70486273416266,4.20165723845611,3.59036035774398
"2067000",1.93011425993113,2.53390291420727,3.83217825624383
"2068000",4.24314264588078,2.62211853124513,3.37017687503668
"2069000",1.9090396854954,3.46238676654857,2.42147031332692
"2070000",2.50974542164479,2.82587256515915,1.94307574885246
"2071000",1.82644331181876,2.0899033397422,2.7665320326731
"2072000",3.11067496469726,2.14132604247289,3.69638724310748
"2073000",3.69291231610594,3.41795378416449,4.6655362949976
"2074000",2.85214040594409,1.69238215326456,4.69570866608221
"2075000",3.14497840978795,4.56575886705913,2.93891564081717
"2076000",2.86267466736563,2.19960522944383,2.7161238795174
"2077000",3.46099477452641,3.47828877525435,2.19782365589661
"2078000",3.61838164451921,3.96868819242113,2.66741962633929
"2079000",3.69800660562814,3.83438679454785,1.30340470776218
"2080000",3.88912041167918,3.23941499216776,3.79544722680734
"2081000",3.59854100651546,2.34435139710765,3.847750363571
"2082000",2.74581985778833,2.70800525842264,4.79689470393001
"2083000",4.34410984450473,3.05078914682433,3.17509729562068
"2084000",2.43814592150589,2.82761573425934,2.51313115927789
"2085000",1.05874115415869,3.08677066164229,1.75683222046643
"2086000",3.54863423688235,3.69420899243749,3.53763406157231
"2087000",2.34099973235727,3.24352053957138,2.72428477638689
"2088000",6.81480186776193,3.4643620111095,3.03629968981381
"2089000",3.42250879790991,1.16991652528178,5.2168600312388
"2090000",2.32908185699235,2.21230881611583,8.52681350193193
"2091000",3.17621475417777,3.17463392923865,4.34858796384763
"2092000",2.75742520224243,1.88837125175077,2.65838063301114
"2093000",3.25902106411025,8.22757030616123,2.07464437187824
"2094000",1.67829949849029,2.71356240287837,3.48333062073612
"2095000",1.67546029957296,3.0213926281357,1.47713923588364
"2096000",2.70071359969005,2.16314362832681,2.00676555070911
"2097000",2.02256123569816,3.37952975026188,1.84773252439482
"2098000",2.57848399410352,2.93844242363606,2.53470127470011
"2099000",3.15527734001013,2.63187433219962,2.20098653456284
"2100000",4.01568516978019,2.44149636499003,2.24524909176771
"2101000",2.69797327575615,3.10338058109463,3.23087335193561
"2102000",3.73995957063429,3.45335339325398,3.74344775327227
"2103000",2.36908304437582,1.69939970367489,2.41041588385528
"2104000",2.8105304556959,1.68657713915784,2.0592007531759
"2105000",2.89081490095032,5.21978974679404,2.84790641627933
"2106000",2.72597455951287,4.99717948090344,2.45229872253674
"2107000",1.85884248682168,2.54458856982601,3.2581401369532
"2108000",2.01889808417487,3.12337790947167,1.91455277878535
"2109000",2.00226630159071,2.20544449026221,3.02395302038765
"2110000",4.01573902229949,1.53474340074992,2.73962156849422
"2111000",2.98611772251635,2.82671917964414,2.01056470215498
"2112000",2.42674551324758,1.60125058061395,3.73590443472018
"2113000",2.30360663807101,3.70275818530609,3.41391764623396
"2114000",2.29458124980667,2.8210694755638,4.32943183672357
"2115000",3.3845003346878,2.62597454119897,4.09077581545411
"2116000",3.9371275076897,3.30627841738854,2.98342665762186
"2117000",2.46230191745629,1.59495705979928,1.95909152950375
"2118000",1.94400827975145,2.36821461452167,2.78326083133526
"2119000",5.63534289901397,11.8583055673626,2.47638130001144
"2120000",3.48624250429048,2.54522688475082,1.81637439852086
"2121000",3.10066694894831,3.98003239728639,3.21763522336593
"2122000",3.91939606396311,4.1596686103459,2.15121411813593
"2123000",2.0810590822968,2.15546180954236,2.30469605702607
"2124000",3.50217843760414,2.83082375624353,2.55053072615759
"2125000",3.13643678155607,3.38321514387752,4.32055411357006
"2126000",2.21321526801496,2.41099420533404,2.97855962449433
"2127000",2.73917921007893,9.01688161125563,3.09641474982832
"2128000",2.02166152827413,1.78813460901469,2.39991525299893
"2129000",2.69523201688951,1.98049381235634,3.49739458964488
"2130000",3.27692948225135,2.88411706061798,4.40478789270744
"2131000",3.74152099281608,3.36778168986883,2.69927003718719
"2132000",4.44723281999239,2.92679792729505,2.03062480243695
"2133000",2.02617513604155,4.89079235552772,3.34436420694973
"2134000",3.26092149812273,2.43295729243416,1.52407606531264
"2135000",3.40674792453756,3.60797101501506,2.88962843043732
"2136000",3.5171443352008,2.15924520063056,2.50488095582819
"2137000",2.77411341413773,2.52803598041821,2.57441058628858
"2138000",2.68610360597845,3.35580103609837,1.48296291972869
"2139000",3.20217589411748,3.74729384119536,3.36814446047265
"2140000",3.56650364622846,1.94029384308782,2.46444337201153
"2141000",3.44173672655013,2.34498383910534,3.37936242345563
"2142000",1.9274839340465,2.90200214089306,2.31752141949006
"2143000",2.63002014225367,2.40227844270994,1.80416781528186
"2144000",3.64763819893676,2.74172586781889,4.20251653005539
"2145000",2.31525851775781,1.56233342862114,2.84242171327532
"2146000",2.33614791672802,2.92450476247607,3.10177398083598
"2147000",3.22581215417183,4.62609618739467,4.89350342817288
"2148000",3.14746562682465,2.06733459592082,2.49637551555958
"2149000",3.46578478453353,2.88876561285873,2.74776259561047
"2150000",3.21683052079987,2.39220754802007,6.45121434684769
"2151000",2.94938690956112,2.62365564810245,3.37175812716361
"2152000",2.22111956856079,2.76967114507849,2.67631419898339
"2153000",2.03805225765432,3.80184669535846,2.02722686107858
"2154000",1.98621036498136,2.45932345659789,1.77250113814559
"2155000",2.15511597314638,2.74626442844424,3.24755128102438
"2156000",2.1230535395988,3.15251549180431,3.21053206109166
"2157000",3.76908582779803,1.93975480755988,3.3790280908035
"2158000",3.1027911461099,3.97750550574036,2.68938872765638
"2159000",2.61098881532923,2.31928454892237,2.25308015270313
"2160000",3.7743422198111,4.07933706951415,2.94505571432394
"2161000",2.03806408043235,2.67610033160781,2.8954527139524
"2162000",1.80093955604181,2.79317052912992,3.35251329712437
"2163000",4.76900953058195,2.76470507076046,4.11449780065652
"2164000",3.10649968430759,4.5922257900492,2.30881404475979
"2165000",2.00666794148648,2.39631456548422,1.70126039676686
"2166000",3.37670212945999,3.13685932617981,2.88370306781479
"2167000",2.48970071110806,3.28336223333657,1.50901378636512
"2168000",3.3632811728591,2.77140273111358,4.77598720045688
"2169000",2.28700210916133,2.2396286237323,4.62327716855173
"2170000",2.30211589549971,2.08026481592792,2.46179785993333
"2171000",3.61725705803362,2.22834096762419,2.73946888280614
"2172000",3.38879332973413,4.28359477246041,2.2857800375872
"2173000",2.77629963468296,3.19924343195825,2.69179724044868
"2174000",3.00648507836827,3.31857254752746,2.05524574765996
"2175000",2.63188577543305,3.55023035921182,2.0157078757224
"2176000",2.50440944493922,3.09880725095826,2.15418538322048
"2177000",3.20143093646338,4.25324012697297,2.02672834564694
"2178000",3.74375908353863,1.7282403874511,1.77162516734482
"2179000",2.00407789434348,1.26909618042973,2.76855245820177
"2180000",2.76399206272311,3.78954397017585,3.20598428118249
"2181000",2.94742943868676,1.62208087513139,3.68933008848964
"2182000",2.37241188220065,2.94262987092092,1.94676155649849
"2183000",2.6552017018709,1.20435752254662,1.56662413433321
"2184000",2.13401695503308,3.74017458489919,1.69143069224773
"2185000",1.02424403303314,2.59904486937381,2.59798642942423
"2186000",3.38449855891457,4.68571586561885,2.73097808635037
"2187000",2.17648557325192,3.2786601895859,3.31200717081487
"2188000",2.47972102808275,2.76854998084626,2.83197699511657
"2189000",3.97320446561956,3.31360153337318,3.68633822471131
"2190000",2.21909399672519,3.18115872681277,5.32869526681369
"2191000",3.44793483064416,3.15636675593296,3.05161856679524
"2192000",2.72484488112696,4.54177321618029,3.32495834026098
"2193000",3.00147095856848,4.5617891108678,2.56998031160464
"2194000",2.44586231649336,1.66625599214382,2.41618859927229
"2195000",2.98699090878577,2.96282208380964,3.85882694403576
"2196000",6.55547307196018,3.14416823989151,1.95245641521157
"2197000",4.51928109942266,3.7446698510087,2.39383736999633
"2198000",2.00894272200069,2.10508744928512,2.97516014361925
"2199000",2.36030046406365,2.28578920850062,1.86028522744144
"2200000",4.20358251915225,4.28095350480519,2.77729303181852
"2201000",4.50351562316851,2.25107744624246,2.76606294244903
"2202000",2.10018598291428,2.96883271393165,1.66967888827858
"2203000",3.24001475475111,2.89770644059677,3.50174013140685
"2204000",3.36970566612362,1.9046085168367,1.48390563258655
"2205000",4.1449269751195,3.90385905717818,2.56402769117476
"2206000",4.13084453045948,2.42727548779054,1.29427163930202
"2207000",2.46064659656888,2.76026123460286,2.62091850436741
"2208000",2.65006535878771,3.23086625874735,3.33880229064355
"2209000",3.03454288232836,3.71588343232335,2.03486106233002
"2210000",3.37651592921748,2.07043356147442,3.88541398345006
"2211000",3.75393228157474,3.88337479584114,2.91808850641667
"2212000",1.81252151235735,2.69035577758755,2.83573543490742
"2213000",3.71290819437935,3.59530823189294,3.36367957791179
"2214000",2.92131835027912,4.41447357196733,2.9337103789539
"2215000",2.48983766061962,1.54437591848384,2.07214072239904
"2216000",4.72898069647102,1.59875212867435,2.65789497874712
"2217000",3.04958282126672,3.03984634619765,3.20180112162174
"2218000",3.02693998057403,2.96106037502325,2.83219254076046
"2219000",3.19746010151016,3.19551880605321,2.47776110079135
"2220000",2.45689726992752,2.78663730901502,3.26500742524566
"2221000",2.90635689536543,1.07567463419421,3.24926015891222
"2222000",4.6450751960372,1.95191247102304,1.59836581746199
"2223000",5.31994348074911,1.86208277377386,1.24419747291742
"2224000",3.52021316121968,4.45590737234058,3.5420375335419
"2225000",2.57316081630377,2.86059798294438,2.5167301751291
"2226000",3.55301638554057,2.21349129105574,1.68750488814066
"2227000",2.51678123161456,1.78568573501145,2.91737455023758
"2228000",2.50969289045281,3.55158204246972,2.56768249845561
"2229000",3.0465720280889,3.04433953337323,2.25118047543542
"2230000",2.94717865632414,3.29087394933075,4.35774470982098
"2231000",2.79693152802628,3.30014673457353,2.13429418043211
"2232000",4.57322747321254,3.72588332146431,3.25828545789497
"2233000",2.20541854374469,2.89551722082876,3.78449597337321
"2234000",2.13347189740846,2.39539803006535,3.92807510687419
"2235000",3.81080715945944,4.92150499347855,4.01621739768666
"2236000",3.04502056516546,2.12007096316559,3.70079900153085
"2237000",2.41889657020106,2.47568925512025,4.02017228473684
"2238000",2.65881723696911,3.74840872365492,1.61420620032364
"2239000",1.56493451387886,3.89405530673238,3.5058925316777
"2240000",1.62274280028029,1.66424512272949,3.7115552982208
"2241000",2.34279738101725,4.24299758180476,2.18777189546296
"2242000",3.06282518922246,3.92687367997642,3.08731623805994
"2243000",3.29319480749181,2.29317593838227,2.02186819828004
"2244000",3.23530572293688,3.73026899215072,2.46228482296257
"2245000",3.24291003753593,3.34983367901737,2.9036629758592
"2246000",2.97920741620039,1.76372539547233,3.25678949832838
"2247000",2.4129421457768,2.67805057565399,4.36473094448002
"2248000",2.56338164607919,2.57811215417002,1.85098280073602
"2249000",4.53791999494797,1.88906246018701,2.93738095428827
"2250000",2.85923090543354,2.09174805936159,2.73771701087421
"2251000",3.61139542977594,3.03955915269512,4.56368077555409
"2252000",3.69655243221216,2.36744210875726,3.11717570060085
"2253000",2.05930405510752,3.01914978587269,2.69784432990016
"2254000",2.09862430279079,4.51851237364351,4.48242626545608
"2255000",2.19531702714916,2.78712601613304,2.09741412652705
"2256000",3.94476377605062,3.7408190569977,3.10976655392873
"2257000",3.55541302250986,2.8716292664116,1.95217023613523
"2258000",2.06054005561522,3.36486457249293,3.72633815285288
"2259000",4.94473207547414,3.11155880365338,2.50713904870929
"2260000",4.57115127187662,2.86969599101509,2.72464611978515
"2261000",3.47781826332154,1.62457523541062,1.94517661342201
"2262000",4.16012820177785,3.42020415092353,3.35324614004072
"2263000",2.7592096188432,1.74443619494506,3.57922377234534
"2264000",3.96198138091792,2.37533957828553,2.56309592777824
"2265000",3.77656336492752,2.11433322928945,2.59832069843067
"2266000",2.59756319531696,1.68296932332271,2.95368233224512
"2267000",2.74568465996422,1.50991418638088,2.28912989059699
"2268000",2.06836351674011,3.50707739451118,3.41420575549438
"2269000",3.7555005680334,3.57674450370686,2.4176036485831
"2270000",2.82351825844159,3.64127031694714,3.20522833120751
"2271000",2.56122010781789,4.45067446005538,2.35397701231929
"2272000",3.42757798331143,3.00258866308826,3.10843420894584
"2273000",2.71684881501176,2.62710905308136,2.65908850231807
"2274000",1.76462418933155,3.22678620798436,6.73484534971843
"2275000",2.55459596804344,2.24091456067057,4.19614351242025
"2276000",2.27361085169942,2.64007347357974,1.09881553933622
"2277000",2.65732182141333,3.01212627429996,1.7628934824179
"2278000",2.48857298493215,3.07783712540757,4.01519439189502
"2279000",2.35088364858005,5.17207817900093,3.26886355642349
"2280000",2.37980041514843,1.99358208245844,3.31144083178386
"2281000",4.13552897957653,3.17334187339704,1.65753695545182
"2282000",2.57540807914289,2.44395333703226,2.63008924571821
"2283000",2.99333412398235,2.92792885161476,3.61925379069761
"2284000",3.36207719747255,3.11915369686712,2.26579686128674
"2285000",2.13244431977039,3.16483757796977,4.09803275273302
"2286000",2.48164101373122,2.95977151466329,4.08805967362822
"2287000",2.92290130598062,3.59990798218072,3.45227872092048
"2288000",2.95812112213206,2.08289050879061,4.82857015697302
"2289000",2.65691349872226,2.38833023501503,2.20260352955561
"2290000",3.01377208344485,2.69101807257126,3.1881132002801
"2291000",3.24049142712947,3.74803309057826,3.42087207557405
"2292000",3.28763994495351,1.87727187615184,2.75248206564102
"2293000",1.76857169242674,3.68888870446617,2.14108683814906
"2294000",2.62463106646118,2.26427511976511,2.19791210541921
"2295000",2.14372979333832,3.48290217024543,2.56536434056197
"2296000",1.87745141953185,2.04469212364117,2.83601460464978
"2297000",3.88907170688733,2.60094926404366,3.23901115092213
"2298000",1.77112306373174,3.08993245753415,2.1467264483722
"2299000",2.44775807440418,4.28796492171191,3.30882942441406
"2300000",2.74018073546465,1.9749592909603,4.67100143722811
"2301000",1.80443252012861,2.12492413202555,2.46868747181946
"2302000",3.04366697556687,2.71881754196025,2.73046156199322
"2303000",2.39246642782958,1.91756247478163,2.00201990665167
"2304000",5.20872454692645,2.75404146943559,2.4654918246078
"2305000",4.53416008318883,1.96139804579321,1.81834864334149
"2306000",4.06956448468268,2.00043488120563,3.87361610629682
"2307000",2.65652379798086,2.00274419984594,2.2356876043961
"2308000",3.511320460246,2.23854950192088,2.48990384187391
"2309000",3.75151249236556,2.18396202158244,2.90382802926637
"2310000",2.66670477919734,2.14517137372364,3.00219975910015
"2311000",3.17006560848737,5.34648941364607,3.72642062583339
"2312000",4.19941318509737,3.56141333649684,2.44968898172707
"2313000",2.76683754408755,2.54623946776336,4.70478333623361
"2314000",2.90394007777254,1.26151129885914,5.8465797893617
"2315000",3.40836579536064,2.48686942261536,4.90199467060809
"2316000",2.97587906650217,3.73178586354698,2.78341602323594
"2317000",3.06973463424145,3.81431618691596,2.48660056976677
"2318000",3.12007049664207,1.97382405056106,5.42731377895947
"2319000",3.5149898042702,2.23892167915536,3.81895860476533
"2320000",2.2112755973174,5.08666929923914,1.8288965390795
"2321000",4.15289587660929,4.33602551962832,3.56297586077267
"2322000",4.00341019862034,3.64942108930064,6.66005971132164
"2323000",2.43784663267944,3.1546567802892,3.03478281405565
"2324000",2.5542119799004,3.28342553854768,2.87209293477421
"2325000",2.5825355579186,2.24657280517516,2.13120000650694
"2326000",2.09562202640573,2.88546029927784,2.74803684754481
"2327000",2.20050989274161,2.37689736810719,5.28928536963597
"2328000",2.805771957535,1.99586324147311,1.14498506889807
"2329000",4.81781877227697,3.3841246456864,2.49493846246619
"2330000",3.24453986845547,3.11084220018937,1.87075903998225
"2331000",2.42600887446726,3.74315612871339,1.47702480742618
"2332000",3.14808935445765,3.78203448401621,2.26493690362662
"2333000",2.51070688435138,2.20599978082906,4.04408704351244
"2334000",2.42959078707553,2.7580287119392,2.44211281269871
"2335000",2.86786818185222,3.54750050941612,1.94421855386126
"2336000",2.55884210632697,3.11284494520024,4.6144055691895
"2337000",2.79720958752604,2.26857804795039,2.07778669438626
"2338000",2.34286817353909,1.91899214044302,2.50343041760795
"2339000",2.66284415709506,2.90596127851973,2.56109810713442
"2340000",1.45137742470018,2.06966135610142,1.87720256628214
"2341000",2.88730359123356,2.04455646491653,2.36436083063273
"2342000",2.76865701724412,1.65724842607207,4.23286539339436
"2343000",3.51510317353955,3.22786308923362,2.29758914022099
"2344000",1.90994294113921,4.40083620447016,3.35208252344755
"2345000",2.05867287465082,4.53084806771616,3.7204114270713
"2346000",2.2895470207464,2.87883478130715,2.0790388990608
"2347000",2.44163690218712,2.40006657693597,1.97734320045062
"2348000",2.08587681535691,2.67315249354689,2.85442718909838
"2349000",3.27284473844868,2.30627659296503,3.01839937105138
"2350000",2.52895634905765,3.09980966756378,2.29097472954806
"2351000",3.19369996138492,3.03603634965875,1.88825188920981
"2352000",2.01170170300368,2.04995158321921,2.15566470532664
"2353000",3.04173847412454,2.37628072240521,2.72283253897429
"2354000",2.46563256613971,2.06713558722541,2.5091450217685
"2355000",3.35069598799045,2.77721559282342,2.81519642808985
"2356000",2.5837330085452,3.1108908342767,2.96869603427877
"2357000",4.23694479304247,3.53763118168558,1.93342615902888
"2358000",4.13963160502954,3.41385134378585,4.6228849351367
"2359000",2.9638114761723,2.16416833902493,2.45098353756583
"2360000",3.12149032454623,2.54365967248184,2.81801040678083
"2361000",3.37966990396109,2.27272807629655,3.25206545052577
"2362000",1.62561885395417,3.75907190546628,1.71754793263866
"2363000",4.07472201665088,3.90243240722116,2.65329628381149
"2364000",2.74096237527801,2.61789187608387,1.90274707860804
"2365000",2.53453328352273,3.91993673433412,1.84101804162219
"2366000",3.57188632309268,3.38910186013659,2.65679376972325
"2367000",2.09156464317999,4.28185156408574,1.75640327648653
"2368000",2.21450435931725,1.41739797035777,4.10717991909165
"2369000",3.07629766446735,2.03843747715307,2.61219380327383
"2370000",3.23342471923666,1.90666282331816,3.43689370372357
"2371000",1.68615082688443,4.81526124177207,4.18016567956939
"2372000",2.31811436638634,1.37244692422099,5.0072721085406
"2373000",2.72417618131287,2.55834157227756,4.80804681742674
"2374000",5.50528533980601,1.02361740646075,3.02146913282179
"2375000",2.35353891054918,2.50221316519968,3.4725343500108
"2376000",3.6456361196696,3.97685915625733,2.74853165046776
"2377000",1.9328903255014,3.36936968209873,3.64206166043198
"2378000",2.74774682870751,1.93068152300986,1.46405696972109
"2379000",2.85678023224278,2.08110190816576,3.19262894097003
"2380000",4.86862841372967,1.8549294795566,2.00555395473021
"2381000",2.04031251141853,2.1485980289574,3.00545191230336
"2382000",2.53736122965898,2.33749777907241,3.47593039959404
"2383000",4.3794757893645,3.83879375327323,2.24060040433005
"2384000",3.61809348030122,3.87832063659001,3.42708096115685
"2385000",2.67906073028671,2.68897260815519,3.26072747610153
"2386000",2.91183954408426,3.15706240285275,1.27235673087975
"2387000",2.99857084952581,4.20794862601794,2.18769472018834
"2388000",3.52554764692388,2.86495633735254,3.86291801334674
"2389000",3.76036771850213,2.68184483841728,3.88583627778161
"2390000",3.20237697263207,2.39587643198731,3.38282397729219
"2391000",3.66513001269909,2.09286410965598,2.80810459245052
"2392000",4.22471887385402,3.2914795820436,1.98352144207016
"2393000",5.66910309879676,1.85882864581109,2.91598912212963
"2394000",2.91926300706076,3.05640303003103,2.46172974303159
"2395000",2.88789448382842,2.65715580764294,5.2762029979773
"2396000",2.49582649102243,4.07173304132351,2.7500945414116
"2397000",1.98949626375329,2.50654671140808,2.5023875346526
"2398000",2.29345858956421,2.6106273661801,2.15825249833502
"2399000",3.76197219510099,3.0001038385885,2.78542408414884
"2400000",4.16842733663128,3.50178232155059,2.13885294796447
"2401000",2.84625059323711,1.14254384232122,2.65123008190197
"2402000",1.97698495437338,1.46867673375312,2.88034446915253
"2403000",3.76512191561295,2.32572287988078,2.33763531062861
"2404000",2.89536888338623,4.19758156968288,1.69800447596919
"2405000",2.88036070514241,4.28339889502701,2.72644768994976
"2406000",3.23085385283902,1.76761638270458,4.13994919484644
"2407000",2.49765521367009,3.72888633323691,2.06375432248051
"2408000",2.51249564832383,1.86745060437764,3.14301911319879
"2409000",5.47629116410354,1.80038639223747,2.44728765299933
"2410000",3.66539207177975,2.59868103404557,1.89867589552113
"2411000",1.56476238028503,2.92508466933463,2.98634133078168
"2412000",2.6257846914203,2.25699611106249,2.14712131337617
"2413000",3.13669072873739,2.70921471907393,3.52515595136045
"2414000",1.75104800824919,1.83229174109225,1.9628683271032
"2415000",2.91488597539528,1.94782164369284,2.84922123317843
"2416000",2.91483514123446,4.26797841989148,6.33960019030632
"2417000",1.82967271674839,2.26755166454124,2.77180788027245
"2418000",2.54690966255487,3.73219193335705,3.03198352653603
"2419000",2.6943858852395,1.97522618893291,8.44510871441435
"2420000",3.60208914947545,3.57747984111114,2.90885696410061
"2421000",1.07063037206402,5.05493936554006,2.59206792876756
"2422000",3.50382921585924,2.42673811369531,2.25310697688755
"2423000",1.85438098250145,3.54752412252216,3.60439445251087
"2424000",3.04222112326161,5.46342525907881,1.737876941381
"2425000",2.84458507472189,2.50220722329478,3.66487769000925
"2426000",4.69305515142383,1.6550333719647,2.34622437450273
"2427000",5.62660680193685,3.93137989459017,2.58951319153793
"2428000",4.60128987928056,2.94254230513758,3.55468180453948
"2429000",3.25013577082172,2.70052570370773,2.27643664597392
"2430000",1.92027933588378,3.25877027596138,2.76010634450513
"2431000",2.52270653215311,2.57880426318345,1.85997860234482
"2432000",3.52440485068295,2.30192008317913,2.41199590550309
"2433000",3.87583995290567,2.15885682110264,2.73238958744666
"2434000",2.01300482343159,2.96563803331369,2.97298276265106
"2435000",2.50765233634767,2.60408207349706,3.0236125482195
"2436000",1.63672153165057,3.31932423005676,3.89135425959605
"2437000",2.5819396294433,2.98622478595602,2.10541808673837
"2438000",2.75146442287175,3.08278850634413,4.02317288346665
"2439000",1.61291835086053,3.82166290457551,3.08472563217599
"2440000",3.1933080622194,1.35417112412097,2.40619895206299
"2441000",3.44196569598316,1.99404314875533,2.80343057564209
"2442000",1.49484230868412,1.96030718891593,3.45003281805602
"2443000",3.04353706151041,2.24354103698816,4.23320707354885
"2444000",3.13020365075531,2.57406786918222,5.45532316470898
"2445000",4.38233905576086,2.20192096946552,2.77995755660828
"2446000",3.77120860586892,2.70491469572765,2.25461730958617
"2447000",4.22397194339175,2.74125055674172,2.82863396186002
"2448000",2.17210883564847,2.20140000901787,3.48361953576868
"2449000",3.49737715455615,3.02337692071476,3.27138618417088
"2450000",3.57434827279818,3.86936958792529,3.04055930037653
"2451000",2.08720467444579,2.73609140996785,2.02118589456524
"2452000",3.8930864369508,2.74114311997709,3.18104937493267
"2453000",4.41258336592519,2.65237961762859,1.91604518236841
"2454000",4.92398305912015,2.46023343414561,3.46586292611315
"2455000",2.82915048465412,4.77210056217369,2.85334922201909
"2456000",3.34978892216981,4.57404808314584,4.49834406125956
"2457000",3.2190683644441,1.34617326841983,3.64649435366208
"2458000",2.21978673247219,3.35046508156557,3.02298681515307
"2459000",3.10468196253636,3.31477247765332,1.94798739264906
"2460000",3.18959185275224,3.12916687782542,3.20448463539227
"2461000",2.89639989067011,4.21608459786642,3.94841127046595
"2462000",2.19307113939341,5.06809173218155,3.54960583238775
"2463000",2.01641300793845,4.12456023812263,1.81226919514108
"2464000",2.91482632956386,3.11037462558867,3.1147217995059
"2465000",2.29180488187739,4.93067227170838,4.08793934927463
"2466000",2.93452364849803,3.39364372942006,2.85647454119421
"2467000",2.33148374544604,3.16972229786436,3.17781833242871
"2468000",3.80374071776171,4.45933361712139,3.59489555443912
"2469000",2.4763390657106,3.36525529441901,2.85873930150701
"2470000",4.49648426041962,4.23935317299911,2.37118135000661
"2471000",2.2878063082779,2.2853518836757,5.35956062474832
"2472000",4.39613493268656,1.56516909339229,2.0340729935644
"2473000",2.94034479482871,2.59697250726958,2.25723314312397
"2474000",3.09986665363216,2.93240307880235,3.52410144409461
"2475000",2.9042510431495,3.07485222620135,3.22445467919256
"2476000",3.87419450189377,2.3153519040342,5.19888715446072
"2477000",4.06656306018321,3.85173840752577,3.8053029338712
"2478000",2.9077891502288,4.60489993274063,2.64680050966294
"2479000",3.79039675196537,4.02840289848725,2.17870259856635
"2480000",3.81645257073219,3.32743456485771,2.75555150751307
"2481000",2.09066340387983,2.90812254327827,3.71241491661524
"2482000",2.87418838306846,4.73534673498485,2.93552516391952
"2483000",1.39767190251343,3.05163092430411,3.77314879997845
"2484000",2.53884095188542,3.27394310878773,2.2320421010376
"2485000",2.91800291822868,3.80309926091007,2.19585807485065
"2486000",2.82173096446744,2.28701614361937,4.10215313144377
"2487000",2.78452609547738,1.80779406646703,3.8096409296281
"2488000",2.41622992646271,1.86614502195933,2.13333379681354
"2489000",3.33179620179356,2.71037377498273,3.39926326826561
"2490000",3.20966876322927,3.50777711820977,2.05297399707728
"2491000",3.34721480153609,3.45076858843891,5.72718698303443
"2492000",2.35339723358015,2.94271789940519,2.83221799506644
"2493000",3.41663410663833,1.28101836216062,3.43735968302157
"2494000",2.51993519383586,4.09776132456269,2.62688058000012
"2495000",2.92772440825689,3.036681512999,1.20977408448824
"2496000",1.29304967914681,2.42504098632081,2.97542015666247
"2497000",2.69917895901824,3.10200941807046,4.96257091525417
"2498000",2.03614399433681,2.08058320634634,2.67454403836796
"2499000",1.19022152716866,2.23718737722475,3.13262640822191
"2500000",1.57718241684398,2.55894628380632,2.53954114466769
"2501000",3.82073539859744,4.15081021319555,2.26250230784149
"2502000",2.3274301260906,2.78002395943062,4.61627396997641
"2503000",2.44605862014294,3.02941017780051,1.95575502491224
"2504000",2.47225209899279,3.55135214014731,2.37369428460524
"2505000",1.99346320931771,4.11181072938513,5.33151423274786
"2506000",2.94808067660298,3.54344624230916,4.02011881354718
"2507000",2.63045660000884,2.71495539551261,1.666652583682
"2508000",4.17133348314493,1.81166740702655,3.10607750806151
"2509000",3.78358878290528,2.42281035787002,2.56734973604642
"2510000",2.26494619241603,3.07035517200758,2.12123707294818
"2511000",4.018583346042,3.27630543017211,1.6340570893548
"2512000",2.21804150681471,2.69471107201697,2.38513386508456
"2513000",2.23784918712915,2.02282499811149,2.86941646463978
"2514000",2.96633204092047,2.85723071368,1.82011535669791
"2515000",3.0407757911125,3.23726800756776,3.57692878794569
"2516000",4.93477352703246,2.35724878329342,2.95140637254823
"2517000",2.68236120159578,3.22432459554857,3.2235280037066
"2518000",3.46446927434523,5.96500226793937,2.10222014257805
"2519000",3.41031450962331,5.37511763996842,3.41830770301158
"2520000",5.40513388302987,4.79464711172551,1.69646579181815
"2521000",2.22048550860031,2.46828527565574,2.02399059405356
"2522000",2.56086836998749,1.68479845536239,3.1030710189353
"2523000",1.83833225903365,4.10162280772026,1.57169477088865
"2524000",2.61969575115494,1.28249356546866,3.01912875115711
"2525000",3.19716259497111,2.65123773921815,3.98811745315533
"2526000",2.59888773751371,2.56704534124087,2.91827741177799
"2527000",3.10985971503616,3.51081881408105,1.99599596928767
"2528000",2.48152675716937,3.50126362272842,3.43632949211577
"2529000",2.38487211718013,2.06162244439024,3.0928941030136
"2530000",3.71079960628088,2.23441356230746,2.40229869305753
"2531000",2.49148024367044,2.81437418978671,3.96607512049567
"2532000",3.07005865944904,2.71706522131114,3.20634875623589
"2533000",1.81500649149137,2.20361107870452,3.34199680287651
"2534000",2.65913011592028,2.66781751082058,3.47142519937881
"2535000",4.17860086336431,3.94251318395342,3.8381209586651
"2536000",3.4380332898151,2.01379860746937,2.33272944721285
"2537000",3.41070626605584,3.33569014861372,1.19852098878059
"2538000",1.93775267820739,2.46377172048171,2.4102302426687
"2539000",3.56803695179676,3.50368044043564,2.71221765320571
"2540000",2.38977559101497,2.48533702648365,2.17552829840006
"2541000",4.72803954280157,3.60227756126509,2.3323182148074
"2542000",2.97259128922588,3.188990737243,1.45753392196794
"2543000",1.92744101183763,3.78106528130975,2.48912399567489
"2544000",3.20425095489896,2.91759370791951,2.60737169522662
"2545000",3.92802028243381,3.97295692220721,2.28217018953807
"2546000",3.54488874229706,4.30999948125123,2.43448297891431
"2547000",2.18656917710719,2.03408297479113,2.88921439667469
"2548000",2.75391444715373,5.99239299019987,2.61193172344106
"2549000",1.81962646032889,6.11435660109602,2.64583186856073
"2550000",3.6696354169318,2.48870029202934,2.39669117860606
"2551000",1.79830283044226,2.7504901459461,2.67319894818558
"2552000",3.12088519019974,3.31757455218021,2.14285801318075
"2553000",2.56228478044217,1.93893072870073,4.2111069377264
"2554000",2.85916994993376,1.63679038145781,3.38733041492767
"2555000",3.25520505223977,2.62590513911459,3.11210638777767
"2556000",2.31665012624836,3.11698878351218,1.81521893138973
"2557000",1.49809867750797,1.66514220841571,4.83447403086002
"2558000",4.09556952655517,18.1334528421976,2.7910647130073
"2559000",3.43489549997274,2.16560115298531,1.88925037036753
"2560000",3.12899152799353,2.72664805858276,2.89284649973501
"2561000",3.56060556110328,2.35885442743947,3.00028844646299
"2562000",2.08721163025809,3.28820509525349,2.33249188732409
"2563000",2.24688556870004,3.57234580774419,2.69855632461232
"2564000",1.86871347216515,2.95682708066486,3.32677203620865
"2565000",1.81377946030411,3.19406763981968,3.68740929287842
"2566000",3.50931666525021,2.83510863952391,3.16262428216415
"2567000",2.71133177037381,2.76760322002571,2.34207294510548
"2568000",2.43849834889579,2.32865266899923,3.16547056455164
"2569000",4.28746600835752,4.19879673098406,3.96258834293108
"2570000",3.19575131118154,2.40751489252736,5.55224624189362
"2571000",3.81264395095733,4.19961651258109,2.32347619923029
"2572000",2.36506539508361,2.75272261507036,3.04674423657326
"2573000",3.33914646051545,4.41824046772914,2.75016649517903
"2574000",1.81144561869984,2.38575112979557,2.28279221610315
"2575000",3.29825084950929,1.79675076152242,2.57410980456058
"2576000",2.14435314815374,3.20308567718047,1.99385974075348
"2577000",2.54048479591094,2.48639255247895,5.03029996833836
"2578000",3.66658120160834,4.71125351108204,2.5380280517394
"2579000",1.62470503056881,3.98251155431565,5.81377307383986
"2580000",2.82416340511454,1.87624184279848,6.21276902767106
"2581000",2.8214182811121,5.49186277239418,3.07885877015304
"2582000",4.06316272294996,3.20227659037433,1.7226563223504
"2583000",2.95413007065577,5.25037645225901,5.26057461829754
"2584000",1.66480577237274,3.78439814371641,2.72707746687491
"2585000",2.48195911701347,2.57841546908247,2.57196829701659
"2586000",1.88904644679452,2.02200438860574,4.5403116297462
"2587000",2.94257753652173,2.99614828989775,4.4050998367567
"2588000",4.01336362250275,2.15104150849104,2.65582361949176
"2589000",2.14831626071824,3.13194744410433,2.02452136315039
"2590000",3.0205188055823,3.32707376743044,1.4804078870709
"2591000",2.16303528705279,3.37808411355532,3.03963753777862
"2592000",2.94498854474749,3.19062228517091,2.89233632379325
"2593000",2.45661388330659,3.36329069435422,2.75372446977857
"2594000",2.84744083091832,3.45646613733161,2.69222091427812
"2595000",1.98628638330481,1.84082298492762,1.96175029301123
"2596000",5.5821801564023,1.96928954514177,5.56932580460244
"2597000",1.46538730634772,3.51717936542512,1.82352381407368
"2598000",3.51647377642644,4.42985883348854,2.66489194039245
"2599000",2.85298809652244,2.28543398215718,3.42488401864505
"2600000",3.29357721485456,4.09758360700625,2.54298270398661
"2601000",3.12116700644025,3.32267251376802,2.61895904822077
"2602000",2.8144142547147,3.20289877750261,2.89851075028619
"2603000",2.61641766408049,2.82572125077046,4.09869623546365
"2604000",2.92025418303387,3.57560240981209,2.45342183380327
"2605000",1.36608242191839,2.66926631439367,5.16846424374548
"2606000",3.65156945546695,4.64211990802636,2.69169746571065
"2607000",1.94489452421266,2.95779409864602,2.36420425572125
"2608000",3.50858828020261,4.385871230896,3.45748114918574
"2609000",1.99481401468152,3.27835498601575,2.4864872050706
"2610000",2.53837430006732,2.16461785130965,3.27941092034327
"2611000",2.33386903544348,4.27861059721305,2.69636310752626
"2612000",3.7024472955308,3.01348284931007,2.43274469913207
"2613000",2.14079803355797,4.02792271198731,2.67074805583399
"2614000",5.22929291061731,3.45074626483681,2.27935841880744
"2615000",3.03868162323349,2.29881702734044,6.81332492192718
"2616000",4.25051828042101,2.57181152431952,1.98921623952398
"2617000",3.56231462440605,2.7332443239604,2.06341535865302
"2618000",2.85193636541763,4.38265136563044,2.53021458388564
"2619000",2.74251570189765,3.9383657756108,2.23509530159655
"2620000",5.65133525685306,1.87161163019124,2.2930983678602
"2621000",2.27119170590714,3.75330359886198,3.58777228387597
"2622000",3.84168390133006,2.879935596429,2.49572308388802
"2623000",1.86496915540904,2.38894491136531,2.03557504929612
"2624000",1.52076122619061,2.72170410174958,1.69484034821173
"2625000",4.94831790382491,3.37544908684141,1.49614416603601
"2626000",3.44224579955102,2.63091248318739,3.98387645729831
"2627000",2.91036524806449,5.12851386823178,2.74702956810806
"2628000",3.39575321710448,4.1953215999,3.2958866143163
"2629000",2.53697978655104,2.32225684748004,3.82322400284084
"2630000",2.79004350834477,3.53430414029949,2.52040432045592
"2631000",4.31750387452538,3.63047197917584,3.43282494441812
"2632000",4.17336079742017,3.72795564163415,3.24927574905732
"2633000",2.70815397791764,3.0068798286787,3.73862231304516
"2634000",2.16365243410259,2.08406745703629,4.65097987005458
"2635000",2.35608887395246,2.93809195249789,2.47787876699004
"2636000",1.66370425171309,4.57523245891711,4.04347070000645
"2637000",2.11090572946344,2.22029123638741,3.23313858391489
"2638000",3.66884427462583,2.21277104989193,1.78376963411544
"2639000",1.90012403594385,2.39405815740899,2.04735295305129
"2640000",2.28969322487042,3.12860510274375,2.53854953831599
"2641000",4.17712492766651,2.79686530286203,1.65164857137471
"2642000",2.66144742946449,2.44131350710513,3.36811848832538
"2643000",3.46409740408776,1.43007122927916,2.75865032985149
"2644000",1.41934308286039,2.29296323319078,3.17833499152012
"2645000",3.23905718251023,5.46308896826192,2.5843755762794
"2646000",3.52756709193094,1.91428559660529,3.5339367980926
"2647000",4.26094918300908,2.53593250824962,3.59515363771689
"2648000",1.73098608312656,1.74685614301483,5.89694489551715
"2649000",2.14805871993875,2.25980487811523,2.39316432927126
"2650000",1.57404759462049,2.57469130057497,3.58144616118054
"2651000",3.54392572678371,1.74109892618502,1.90113654316569
"2652000",2.51763936508867,4.50827817853323,3.53771968844787
"2653000",1.7631984139926,4.67922231323139,2.6079724085623
"2654000",3.39593828760753,3.2370626372152,3.52285293616215
"2655000",3.02234689461288,2.5797598054178,4.87184507352802
"2656000",3.05578068797557,3.33123637303848,2.58693030009528
"2657000",3.10964924438912,3.54831777363493,1.92043899707402
"2658000",3.63700324602122,2.04769715095871,2.1247441631829
"2659000",3.63764091257537,4.53248978622301,4.47479316836116
"2660000",4.71698222066417,1.74999473258608,1.4757082748271
"2661000",2.6449213865055,4.70524402482477,3.90463643423097
"2662000",3.86010610839035,2.34181730769115,4.36309078941834
"2663000",1.61588377708264,1.83514358021596,2.18998419009668
"2664000",6.57647205437446,4.37833842093514,3.93277778539953
"2665000",2.14598760643535,2.1673006129243,5.16802022083162
"2666000",2.34712427933786,2.45013636750587,3.8427362404966
"2667000",3.39129815195186,2.59405379017458,2.89226230299895
"2668000",4.01247642376125,2.6515405541679,3.41476549681737
"2669000",2.78741131195749,3.98990303536769,2.73586058916487
"2670000",3.27175088060738,3.53773412198852,3.25926314338191
"2671000",3.48984009520244,2.79289980994965,2.28113599248751
"2672000",2.28258966811404,1.96108790240117,2.0877996868297
"2673000",1.8620211224865,2.79742041815715,3.92366309811969
"2674000",3.18577287579407,3.56010517134363,2.32328536572259
"2675000",1.70010250381396,2.62189041398094,2.737643418773
"2676000",3.56116794200032,3.47400591011288,3.21772302527427
"2677000",4.58881664564089,3.78037410361807,3.01968213242742
"2678000",2.56408619336364,2.68094367534358,2.21861435084379
"2679000",2.33634819335329,3.08396836140085,3.45403418959187
"2680000",2.89180819299983,2.42195635487413,2.43088851866742
"2681000",3.40236144938884,2.16856423819678,3.5946298784084
"2682000",2.65055131764729,3.82549735282999,3.23802946926125
"2683000",2.5558280949162,3.5836722207677,1.99885160351136
"2684000",2.757129363866,4.48699336423171,2.84477006499179
"2685000",2.07758164968658,6.30300222251308,3.02637327129432
"2686000",2.86578485326321,3.67573833660949,3.45023318349842
"2687000",6.82834324900906,1.94022633624114,1.47324421905773
"2688000",4.60809256751991,3.00644142337062,2.7058752205747
"2689000",3.46618730206918,2.41643364242983,3.34849460782157
"2690000",3.51738338707399,3.11401211434975,1.76423529337877
"2691000",2.69443861237008,2.73284524197595,3.10139552823339
"2692000",3.13361658512255,2.98601677413483,3.24817983079606
"2693000",4.27656261633882,2.75032106560742,3.46236168190942
"2694000",3.1013426369084,1.9412611180197,3.61376249197288
"2695000",2.46284548683182,5.51740862338941,1.20670943798845
"2696000",1.94998569574258,2.59716655339097,2.19168513948027
"2697000",3.33798407173015,3.67132809403765,3.3891752900344
"2698000",2.42929682648063,4.16297713253175,3.10019211411901
"2699000",2.5901064200259,3.38877939138627,4.58924539109084
"2700000",2.05412034864221,3.37959928041946,2.45019717131995
"2701000",2.66959061814125,2.84154339407051,2.63507724150007
"2702000",3.51836490232357,1.03394959971612,2.69398656061872
"2703000",2.88702120360876,3.45669534138999,2.4687335524928
"2704000",3.2040992079258,3.53200570081729,3.29101738746099
"2705000",3.24187795414029,3.61219563400384,1.14376188796402
"2706000",3.63379849409429,3.16697990832112,4.19018613238788
"2707000",3.17671694199216,1.26819904461249,2.7037539740701
"2708000",4.59432591494016,3.20959577793603,4.3251597094265
"2709000",3.35665099795439,2.30727248211043,1.98448125684233
"2710000",3.70106621912819,3.08286894413247,4.6738682969059
"2711000",2.5565768913077,2.08698418757504,2.0900873986716
"2712000",4.60588694847845,3.15202095445685,2.73420974048124
"2713000",2.72371583048549,3.78309507328169,4.57625843036923
"2714000",3.86325251785358,3.55163912371786,6.60555976932535
"2715000",4.11128851097986,3.63236471621295,1.7452033468406
"2716000",3.40001834043979,2.48855848531648,2.8863274952984
"2717000",2.2337921768531,2.01247757183763,2.79619096561037
"2718000",3.24360570335025,3.68920347090627,2.41838012468391
"2719000",3.80339754740161,3.82889303425491,2.01304123489888
"2720000",3.2044073857266,2.96967599978454,3.63251907007738
"2721000",4.13479597260355,3.13031908412886,2.76705262645421
"2722000",2.31278308551825,4.49471512587263,4.67782453644328
"2723000",1.85198239029963,1.52400734773119,2.68069455453816
"2724000",3.68244063462403,2.18405439914861,2.31338262344881
"2725000",2.89790701752682,2.46621890272338,3.49647537395146
"2726000",2.05139902405513,3.94173732124818,3.17165532778989
"2727000",3.19840002927196,3.4965647298196,2.60535480061343
"2728000",2.75920723901265,2.86725661480219,3.41198815789651
"2729000",3.77367356863365,1.81892853355906,1.99856358271067
"2730000",2.34443244090481,2.70920090306445,6.71437624044763
"2731000",3.2745099452898,4.52420153326843,2.5787418170713
"2732000",1.56361124769338,3.61828274258757,1.72303793983152
"2733000",3.57936628907017,1.82740897489774,3.58575496675959
"2734000",3.77529404136733,2.12521449894592,2.11206581957053
"2735000",1.85728962482374,2.51427802618251,1.9174843749966
"2736000",2.21127038629764,2.78663373732022,2.12751368980601
"2737000",3.87388047434103,3.5991149364905,3.62220267603201
"2738000",1.79560242704917,4.81483845560904,2.4392429308145
"2739000",3.83593677866417,2.69117675973372,3.63873936595395
"2740000",2.65553591794481,2.38483022726114,4.75759580148755
"2741000",2.88934895342585,4.50467329832247,4.07325282623292
"2742000",2.14070107346826,2.41985237070654,3.10755489604887
"2743000",3.14670299777217,2.11009027454224,2.17586892966912
"2744000",4.79718180375747,3.07862181424514,2.78043806862689
"2745000",3.47177916562616,2.98483517968074,2.7788290739312
"2746000",2.94534022449468,2.52590814652645,2.4331649545977
"2747000",1.95712260460004,1.89133094034361,1.12798056096824
"2748000",2.76549041556741,3.12375961354499,2.08857720850228
"2749000",2.73766860978681,5.07069602367869,2.63376775944987
"2750000",4.35907068669619,2.56350239986731,5.43290009864049
"2751000",2.1515416928834,2.57771053388646,5.02894829267121
"2752000",2.96764904222908,1.63651110698367,3.74677460547744
"2753000",5.24564791954516,2.27655199231116,3.89440294306781
"2754000",3.07646096343789,3.05837143431374,3.67640232173924
"2755000",2.15084343419965,2.04815741562661,3.75979579375444
"2756000",1.80529245835119,4.1010101481622,3.48737118993435
"2757000",2.39218530176041,2.84606292414383,2.46421938074799
"2758000",3.51289137152235,1.76158948061404,3.74120572928656
"2759000",3.03861914679198,3.22678096054335,2.73778349753698
"2760000",3.37850574664871,3.11038995357564,1.79946509144144
"2761000",1.48050839353358,3.41998460272526,3.47238337977192
"2762000",3.60956668792856,3.07532564865096,2.81138676027991
"2763000",4.67529670830198,3.86419375730715,3.15870848365593
"2764000",1.81162901291591,2.77658853858074,2.64823765995402
"2765000",4.4859429946787,2.7903681356654,1.92678019047666
"2766000",3.50920225242884,3.81133141058854,2.92771400229746
"2767000",3.17204508479076,3.7379504300033,3.43097665183596
"2768000",3.40650360169156,2.48912026333887,2.48017578246599
"2769000",2.41950856479773,1.3824379546154,2.55068207796198
"2770000",3.01141719413178,3.07859273599611,1.55399936715322
"2771000",2.96710610979406,2.60371255713527,3.66220642192172
"2772000",2.12463408243784,3.93562922199888,2.87370389540389
"2773000",3.85374937600211,2.77529953882799,3.54679241166777
"2774000",3.57898754218007,1.14340419382173,1.46588287031757
"2775000",1.58274306022237,5.58972035396399,3.22237639479214
"2776000",1.5912243950026,2.99814338910032,2.16286622679934
"2777000",3.38828452603685,4.04762914594574,3.87489346420831
"2778000",1.07786954895147,2.23856946022479,1.51193394640995
"2779000",5.6528373397902,2.68037870356061,3.58303428000784
"2780000",2.74687806057005,3.1155436610107,2.68965579776148
"2781000",2.47459225183525,3.72558199378024,2.96634582555363
"2782000",2.91242947141267,1.72811446340889,4.71476247160038
"2783000",1.81020381720304,2.73453187753143,2.5237170313365
"2784000",3.24400434599912,3.03853271022477,3.68128552650758
"2785000",3.38987289297433,2.32964770659447,1.45093787056888
"2786000",2.81521656501604,3.52893947073835,1.88414122261611
"2787000",2.78680394157601,3.42970829197511,3.78121213846402
"2788000",2.21171243556092,3.22190756829108,3.12728533386352
"2789000",4.27592661322314,2.59157644072728,2.577332064972
"2790000",2.10044572081775,1.59480824020474,3.74936483708509
"2791000",2.82780556801622,2.13799735906179,1.83896628823507
"2792000",3.26219955885361,2.98467693117841,2.62898507025696
"2793000",2.26771194654312,3.00161949382603,2.43435876290933
"2794000",1.91508384325201,2.90298534857875,3.69437157760044
"2795000",3.1073705911831,2.83699230816047,3.25287761192056
"2796000",4.56730382669591,2.40956385291376,3.40624058908724
"2797000",2.80375812407248,3.16504465881315,3.09615161577096
"2798000",1.57134875957266,3.39687124034025,3.12013494855381
"2799000",2.72344416842797,3.31672614326714,2.02013247847171
"2800000",1.54788717954022,2.18651666196522,3.08391765406438
"2801000",1.30566975178086,3.62831868337158,3.95615784005456
"2802000",3.55611019084553,7.93056102461011,4.59417159614719
"2803000",3.05243026184075,3.41461931684055,1.90864457399268
"2804000",2.76916922406533,2.04408660714436,2.67068686073959
"2805000",3.22276802313203,3.44738370511042,3.13935402407548
"2806000",1.89083922387459,4.34306735945359,5.12290171324858
"2807000",2.11969523720398,3.16933544759246,2.76968615545263
"2808000",3.10910599246545,1.59914535243664,2.86962054290663
"2809000",1.86581719466474,3.43444736080211,2.85921510720694
"2810000",2.49502838625574,3.56985847852898,3.82878745095023
"2811000",2.30034235252949,2.94262262922877,1.77591174592391
"2812000",3.41379169227404,4.49942520565132,4.43197913423889
"2813000",2.35503903782623,3.35966864350338,3.64912902732913
"2814000",3.23137350129318,2.92870344346277,2.2096411125974
"2815000",2.23673753676501,3.70421616800225,2.10802934025857
"2816000",1.77587862060503,3.48299499264806,2.44611710815475
"2817000",2.37879445856379,3.86992734219493,2.67313234907185
"2818000",2.82240117258322,3.81206460968952,1.93576274640237
"2819000",2.35061037105142,3.21867064303764,2.41555081929909
"2820000",2.79010744032711,1.81768886836866,4.40282977638731
"2821000",2.42505285137504,2.8166543370549,3.33666343166614
"2822000",2.19049256488793,1.35772409448857,3.01278916699524
"2823000",3.55484930281939,2.9222188071701,2.73837862896627
"2824000",2.58779326206355,2.96690647195773,2.53346287396694
"2825000",3.5722522913621,2.2822793575717,2.97501305697591
"2826000",3.08683169479262,2.42689479476379,4.00765508082735
"2827000",2.66677969772274,4.67624443895203,2.37835930072215
"2828000",1.85512463290619,2.79056354407956,2.75043702995937
"2829000",4.22371566094099,2.05263213764241,3.16539647345119
"2830000",3.40943904041336,3.55999020885761,2.77145743304413
"2831000",7.6971374080081,3.78862853471242,5.94089879167484
"2832000",4.21600602390492,2.45118427768489,2.500046090584
"2833000",1.89218049687432,3.290172594032,2.61091978058964
"2834000",2.21036189961805,2.53526915203134,4.48786234040647
"2835000",2.27704844005302,2.7034905877267,2.19676775927752
"2836000",2.50262440923452,2.28703712186776,3.00801952666585
"2837000",3.32869869415464,3.28911342052524,2.63415702035098
"2838000",3.52354643974346,3.24225602386016,4.35472384265103
"2839000",3.34529509348718,4.75129774542746,1.43715340733712
"2840000",2.85341752724858,4.31110187053168,3.00728349370412
"2841000",3.22717546656232,3.40421680323741,3.94720832588905
"2842000",3.69246528839679,3.19713299233686,1.93676713405341
"2843000",3.37032779564828,2.31233383679943,3.21534104901617
"2844000",1.61873550616836,3.99838333484401,3.06722072298646
"2845000",3.73586621608337,2.80411694214916,1.54161047016695
"2846000",3.62626401270428,3.05625666704747,4.0768954062234
"2847000",3.47713723749431,3.1401506647637,2.77386818951176
"2848000",4.54394703918539,3.16659463174345,1.91060443075682
"2849000",3.18894975101187,2.5259899899769,3.45039351192875
"2850000",3.18243814659599,2.81384202175257,5.54547659536993
"2851000",3.44650744520002,2.5688474281114,3.62471850642722
"2852000",2.3771248445184,3.73744933941268,4.28704088143697
"2853000",3.10207897762909,4.40671834084366,2.02571256354722
"2854000",2.9698615241109,2.18038469059943,2.65528134139274
"2855000",2.30247329644379,3.06025109952649,3.03873065164104
"2856000",2.55731262888177,3.49481552086528,2.24856380277077
"2857000",1.58645105751608,3.06221929415726,2.20178470736318
"2858000",2.43204886391994,1.93309012630638,3.78770926969438
"2859000",3.45698427898551,4.31383715443846,2.81038529586821
"2860000",4.16117968266449,3.39006543215813,3.24701034513858
"2861000",2.43818879295909,2.07044283911054,4.29269676299688
"2862000",2.3318746987359,2.36981470592102,3.98636817584828
"2863000",2.75368999420958,2.77158510706607,3.67566704171032
"2864000",2.22525945241147,3.90150126337069,2.1345449815568
"2865000",2.75550180858794,1.97193931818154,3.01653166476974
"2866000",2.92380507143569,3.51459741875922,3.91838844505869
"2867000",2.10131182931938,5.30873017882502,2.5214077507997
"2868000",3.93276061697407,4.25970726019578,3.92909682875483
"2869000",2.8450033714035,4.15524731213538,1.82805110306691
"2870000",4.64141061349701,3.25165499978575,3.39169687307491
"2871000",4.8918111814548,2.03551415730821,2.15944962731195
"2872000",3.51534729593522,2.49499947435082,4.39577955053176
"2873000",2.44591112835805,2.33968119259115,2.34507827635511
"2874000",3.14717283124101,3.22971580157774,3.26878089756471
"2875000",3.99971486990038,3.15171287341714,2.60644582868762
"2876000",1.92068573056224,3.57320978826275,2.84933133328542
"2877000",2.98600318539163,3.09539106450357,2.68305750877145
"2878000",3.37951334118078,2.4762163970833,3.3856392345464
"2879000",2.40498631964199,2.79721268194793,2.34973410450795
"2880000",2.98306364921306,2.33877891287877,2.85593206368668
"2881000",2.02698544596519,3.41912444233274,3.11193712991206
"2882000",2.71698946431213,3.28247645802246,3.31244204073546
"2883000",3.53459746204289,3.54350101751026,2.90261895153769
"2884000",3.49316761451471,3.51445662527871,2.88267425476306
"2885000",3.38060060949084,5.96334839857496,5.38521561372424
"2886000",1.99427495537925,3.47794446008869,2.94713132072998
"2887000",4.28893747492548,2.52862274198779,3.32442021270059
"2888000",2.57285719485458,3.83977982822626,3.74746748617885
"2889000",2.69593376280912,3.60361058560701,3.60514026071624
"2890000",2.5255707732636,2.51839135317054,2.12921611427425
"2891000",3.37830512865671,2.77573084760132,3.30306876971412
"2892000",2.12303657793457,4.40045265126621,3.17972274815215
"2893000",2.06303025833753,2.82644336833095,3.1240401863143
"2894000",2.06166313616729,2.42013120978155,2.15879590879048
"2895000",1.71772109491154,3.61245301438286,3.13490574800613
"2896000",2.12327015379511,3.27963799311803,2.61821185861253
"2897000",3.89613755556511,2.96219017573137,2.12569315158286
"2898000",2.81347146968405,4.11003413110405,2.18336597146083
"2899000",2.65410682515087,5.07711798759731,3.25789024716143
"2900000",2.33715477397192,3.15423933219926,2.88305527373022
"2901000",2.72014725066738,3.08321585842665,2.76289089689824
"2902000",2.83002179409021,1.92460303640234,3.61601446920539
"2903000",2.74121062948623,2.24172774339156,2.23300573121921
"2904000",3.21212733612614,5.54985289399236,2.31679264941602
"2905000",3.26171173807841,2.57050422359936,7.14702789703445
"2906000",1.3310652326881,5.71871836221576,2.82421270434669
"2907000",3.40972443185238,1.66166013960982,2.46705849133277
"2908000",2.46800906860042,1.84925618237489,3.16280735629459
"2909000",2.56057097374909,2.09394250025685,3.48151054152627
"2910000",2.88014061779397,2.42553219801241,3.73325978835797
"2911000",2.13723466900615,3.04131196514791,2.13655200802151
"2912000",1.78891310627239,4.08625071808628,2.03842241309087
"2913000",3.31751472998579,2.49227554656001,2.85205309971785
"2914000",2.04512752766636,2.46817771156537,2.63895763669151
"2915000",3.3389735976547,3.58091297838384,2.69429106111903
"2916000",2.91157287272403,2.16813509550596,2.37349426370961
"2917000",3.57489450988728,3.37507186346351,1.86631076123522
"2918000",2.91439655064634,2.5647127278526,2.91749713029732
"2919000",2.93116087987201,3.94538538795623,3.09431410084261
"2920000",3.09409257286392,4.02113451623905,1.46825378438589
"2921000",2.41363176126341,3.2735495791692,1.72054334130157
"2922000",3.03836210780248,3.69691711811911,4.30653794204503
"2923000",2.28488636174957,2.33941787625421,2.75405829217522
"2924000",3.98387469653276,2.97737930330166,2.47340604732855
"2925000",3.64294645331794,2.05888991714423,3.36952462279087
"2926000",4.30584380578036,3.03724550974968,2.74855968311496
"2927000",4.14723713894514,4.1120398369874,2.07238343645292
"2928000",2.89895780895827,2.06264488391144,3.19757221062534
"2929000",3.34694522415657,3.26484198752041,3.54360313275247
"2930000",2.49981642301199,3.50410724100179,3.10429957084551
"2931000",2.34292280861929,3.89225217367543,1.60903230514555
"2932000",2.63779460030515,5.27336372523571,3.88551957139376
"2933000",1.63367822464519,2.09528530945153,3.87409685490087
"2934000",2.67343368955039,2.76525657715513,3.58081595329583
"2935000",3.25731283995281,2.09074867741136,2.18493435147292
"2936000",3.20821582991205,2.44922866410296,1.89289865694957
"2937000",2.14238115346375,3.09688282441065,1.55454686644595
"2938000",3.41050120246969,3.21025812338583,2.4001655139776
"2939000",4.02768440666379,3.92363996995849,2.99799026872766
"2940000",2.26442748411969,1.43396471072762,3.529993065028
"2941000",2.5574454652006,2.2012433055562,2.7345413888422
"2942000",2.11800625380223,3.72675725411922,3.50212261611778
"2943000",3.42463320774575,2.23566887399505,2.52089059902225
"2944000",2.2949152974652,5.22263228918998,5.0749814831595
"2945000",4.53013799055006,1.4928690238045,1.92633474455648
"2946000",2.41658835245123,2.59382998177217,2.60888166194439
"2947000",2.43287041577479,4.95524049346237,3.3510996792207
"2948000",2.67410399587243,3.4304062239498,3.92583017158466
"2949000",2.44453272409693,2.00601982965643,2.12299272445744
"2950000",2.62829988625818,2.10423462150853,1.87259185041958
"2951000",2.83101313208845,3.27535241796171,2.80757473880226
"2952000",2.21094976454304,2.82055427829869,3.01453634105974
"2953000",2.9237531574574,3.24271293064127,2.60741538962428
"2954000",2.310447894047,2.93641563982445,4.5056665413637
"2955000",1.70239159576163,3.54480699784068,3.58192071822939
"2956000",2.64726183649186,3.37062436864982,2.70880998802362
"2957000",2.03562907246034,3.09802710727462,3.64500923396739
"2958000",3.24057950571229,2.64092669752931,2.0062913729842
"2959000",9.79464194095932,1.13496061149805,2.15916270329991
"2960000",3.01673106892771,2.16946491972859,1.82426381356711
"2961000",1.90846816537728,2.57621939050902,5.81706851618206
"2962000",2.56110445071359,3.9343636669293,2.6281357825472
"2963000",3.32099385961845,3.71677610104539,3.78690325177402
"2964000",2.02057017512827,3.54586990171575,2.96606615490039
"2965000",3.43357347519487,2.97923119319013,1.7856116655383
"2966000",2.11013132952742,2.37806927623899,1.34683991964345
"2967000",4.08019274765802,2.61222472563082,4.15584256785494
"2968000",2.67399887703687,4.79528512430202,3.9032090300558
"2969000",5.18261109307421,1.8681934380896,3.19687555379132
"2970000",2.76130785306064,1.64183125363945,2.79269427107066
"2971000",3.30719177320083,3.08516452728192,3.03409477492456
"2972000",2.51397210134825,3.85506863172672,1.63586028347755
"2973000",3.8904366873498,3.97266280579938,2.06144874562943
"2974000",2.50383507631911,1.80405544649208,3.80608232618785
"2975000",6.42395941020661,3.90394021630159,2.73950318104523
"2976000",4.13279950765964,2.16124202083325,2.75424060781783
"2977000",3.48524786998798,1.67956301936528,2.70558047036766
"2978000",4.45383756456993,3.63908546484329,3.24083410414149
"2979000",2.00306529331761,3.51176687962503,1.98593242400729
"2980000",3.28371091807368,3.58998064819487,3.72060795709542
"2981000",1.90095211711178,4.15335502516381,3.08835350662279
"2982000",3.32398951592794,3.10905146695419,4.29256120415408
"2983000",2.79342724244299,2.43997366982681,3.68260532548883
"2984000",2.48369984249062,2.88943041221674,2.8921112895516
"2985000",3.15678016956468,1.94025630612235,2.55936945577922
"2986000",3.92995985046229,4.16551114189726,2.41648427790074
"2987000",3.43001509388554,2.31228117018419,1.72177183935522
"2988000",3.1683435279329,3.32970906139779,5.55489795573182
"2989000",3.22132839351555,2.31191006225219,2.17887084176157
"2990000",4.23597007471153,4.02987913118008,1.2218193813525
"2991000",3.97225772009984,1.88345324624576,2.61517834587441
"2992000",2.11681885972844,4.76149221302701,2.34795748079757
"2993000",2.8278336404827,2.36855534945708,3.33220312213469
"2994000",2.36791333798093,1.77489270924067,1.93100353615054
"2995000",2.5871559827729,3.82486198431445,4.24163504644334
"2996000",3.49692894843223,3.15364246568256,4.00084477275615
"2997000",2.59677141637196,3.61290253745469,3.46119874097699
"2998000",2.8376486911133,3.26620200282604,3.69130555588358
"2999000",2.79162926879331,4.26305092444312,3.11516706410846
"3e+06",2.58687207795416,3.09199213879148,1.61730296954468
"3001000",3.06085762343434,2.75220136247925,1.50386701368429
"3002000",3.62283165151893,3.38411860822532,4.43519481809628
"3003000",3.07543199814157,4.39619398316981,4.61802289382087
"3004000",3.37962954692328,2.38399499579477,4.61539119909297
"3005000",3.42564916606909,3.10932886432865,4.95686221034164
"3006000",3.40978612412891,3.19237991799599,1.46385718986561
"3007000",2.78199210261044,4.04249102357143,3.87492559627769
"3008000",2.78645181103277,3.64785263435195,2.5449693690903
"3009000",2.84998185158259,3.67829917207083,2.28645108591424
"3010000",3.45189619247231,2.27120438547173,2.56985700736368
