"beta","lnalpha","lnalpha.c"
0.0000039232687275618,0.794887352478985,1.09944178380245
0.00000619191795776495,1.28724240050988,1.49630528322447
0.00000782545987068509,1.17334380871601,1.35500383942776
0.00000544271456655806,1.2763346556802,1.51200816280382
0.00000743868947226809,1.25531445196673,1.42123080852358
0.00000659885782704623,1.4754050679431,2.18530648382042
0.00000605873987623289,1.02401451716338,1.21496250334888
0.0000053604692282744,1.20220636286357,1.39069869211147
0.00000025904336209843,1.13915450117547,3.61541759598168
0.00000732238252143304,1.32877686776161,1.50644921315431
0.00000300741560538261,0.463795009115013,0.660223308537362
0.00000385902094288731,0.845657783594032,1.02749888094001
0.00000693719071879128,1.40484646761699,1.93135888788477
0.00000269097200649337,0.540341241210898,0.695768706007657
0.0000047975980116267,0.76200524469754,1.07904184057949
0.00000459276541034832,0.940685646947307,1.12492794161165
0.00000439502708721786,1.09402673062117,1.33408094607404
0.00000377056381366294,0.739806437389918,1.09651904496078
0.00000372198004414337,0.787239443590655,1.09995496737999
0.00000732050471609185,1.08936655605142,1.40887866790403
0.00000667349595135994,1.27745460244048,1.57323627215414
0.00000752075606359949,1.29548692245443,1.63311750890319
0.00000503854646526327,1.14385277360038,1.31505661355487
0.0000026454930477978,0.30500938667579,0.564750972944913
0.00000432556023525227,0.73427469871561,1.08091631548231
0.00000562591853848655,1.16651728353266,1.35240426892976
0.00000464371844174265,1.1018001436236,1.27949243134097
0.00000405278091626519,1.10687789047444,1.25682846563369
0.000000856970779123891,0.524797599489631,0.687980719767798
0.00000773481375088721,1.24563563483549,1.5300734414845
0.00000414207701359952,1.16871779099094,1.46047707972663
0.00000297769306208008,0.890956924091484,1.02187842278434
0.00000494031991792044,0.931412856238751,1.1662559136276
0.0000077884363193419,1.44374907640139,1.5924831997368
0.00000649951150654281,1.42633856890896,1.59372557044811
0.00000284406040669067,0.972697496493646,1.26620787378446
0.0000074768132561194,1.07836788464532,1.35802321892654
0.00000381092230683018,0.817584719859256,1.04830277914423
0.00000779767845950031,1.78010540066274,2.04370837117067
0.00000616693680529501,1.22810996460905,1.43162946263594
0.00000484717705596297,0.937416522240017,1.14782056181916
0.00000412881305784804,0.914419067376053,1.11143028460074
0.00000608391192582911,1.20495403938207,1.35243051442206
0.00000419791337973012,0.841197789911518,1.03851498227929
0.00000369136718945096,0.946368637696818,1.12298759552036
0.00000712864267463519,1.39218810467485,1.65129770964963
0.00000689151312571782,1.38684881869614,1.59647300354211
0.00000431124174619849,0.858666528583653,1.0629591264664
0.00000544997139406357,1.10059572353175,1.33936928330877
0.00000482317041968982,1.18958346775547,1.3429235087101
0.00000515190869330442,0.806565657953495,1.0126755406521
0.00000329266545482091,1.02959718778324,1.29377692382449
0.00000375348985365309,0.996442593442548,1.22264808000024
0.00000258074007090397,0.775892496261689,1.07674583073405
0.00000470097019688751,0.737369960012399,0.883207424092079
0.00000782067056193087,1.38777691456152,1.62143845921202
0.0000113192399353969,1.4520236420641,1.63258456082574
0.00000783507519518657,1.2068044890761,1.34952595142732
0.00000506817133120988,1.03609692879725,1.18058120865889
0.000006434971771056,1.34098446866534,1.60395525654014
0.000000519962303618406,0.755220463166961,1.42775859560468
0.00000556776493932415,1.05842589542877,1.23481882675688
0.00000531088337234273,0.794952346982166,1.02211365541939
0.00000527142201021607,1.19320739744953,1.35293286389743
0.0000099475336327532,1.66335439842469,1.83539011616493
0.00000629963472629507,1.34577829975054,1.550294266228
0.00000572309319081546,1.23743243840819,1.44579568770625
0.00000578622968090106,0.951697169495759,1.13672518601492
0.00000381814084072704,0.823718900700239,1.18541939163355
0.00000454291126976806,0.940255620849819,1.13466082703413
0.00000316918768894844,0.42615799810125,0.655913384922898
0.0000051433441684274,0.890208198117621,1.05823087739356
0.0000082207001298526,1.84887338403225,2.07609352148479
0.00000656034692711179,1.55786865502051,1.87781531378336
0.00000424866089013531,0.948354825277001,1.11878335759451
0.00000534400926915462,1.04701411199149,1.23709405741781
0.00000684102255232587,1.18034232589389,1.44096182048602
0.000000753234840605534,0.202632865019762,0.560145585955568
0.00000251514248532929,0.59326417461184,0.717089976349351
0.00000606290407050361,1.27759597016496,1.40190038815958
0.00000681863375446131,1.18209504271232,1.45186745433243
0.00000551228660088569,0.79780892833466,1.2297747602978
0.00000546362987613595,0.996550796018196,1.15548211251206
0.00000571545827174581,1.19837759525308,1.39818507955921
0.00000453549497481572,0.816200011797022,1.0438738685631
0.00000489437656962469,0.95070612211326,1.32992606080123
0.00000523445881269452,1.49125286707574,2.15295968716298
0.00000638848270406231,1.18272930821588,1.3697358403711
0.00000595062478978771,1.21900258493672,1.40066599247074
0.00000501124668501975,0.598608033476159,0.86666551703755
0.00000653552116929131,1.19107661916322,1.29818850852008
0.0000068842255686392,1.3969844585205,1.57540525692265
0.000000979684845955299,0.506165811657614,0.78955695570297
0.00000440912887876564,0.855558437809149,1.02690178185613
0.00000711237101172988,1.08462700605739,1.29376197380321
0.00000684794391924764,1.1997596964899,1.60045616622071
0.00000602877815110848,1.59769269959559,1.82402212476321
0.00000370802011516868,0.90486161275373,1.11486314022382
0.00000485266241796368,0.991013570846642,1.11713770151673
0.00000582106829117757,1.27245561018203,1.40135363768044
0.00000646989619157591,0.880057889338329,1.22812039192462
0.0000061706987060801,1.06782804689716,1.28358098687991
0.00000657133589719505,0.83201650265615,1.03346915501798
0.00000469491777444847,0.94926010789231,1.1149359130112
0.00000320379935954572,0.599391359926183,1.14363857728858
0.00000612291650012424,1.21307555415036,1.52158720187521
0.00000459268568072616,1.28299989274609,1.45766959743862
0.00000432114973361504,0.807980395939963,1.02748766891112
0.00000456754513324971,0.990157539780871,1.16839934845772
0.00000564827650623946,0.94262729273498,1.10388277748244
0.00000385994704276461,1.01506647661152,1.34454440170462
0.00000474163855228344,1.11363160504087,1.25969985119747
0.00000423613050357439,1.29289058173971,1.58410315783382
0.0000042729358547798,1.15536645445035,1.40703795732598
0.00000822239900264981,1.60908478958888,1.81849043665224
0.00000578963338272563,1.52692715354018,1.69772842378579
0.00000558700522792711,1.15158135611994,1.36137075210369
0.0000047126669065824,0.997535986743363,1.17369594722707
0.00000761175925152202,1.55215501174602,1.81790775545456
0.00000512753654180751,0.837774662613986,1.08037819355131
0.00000390581914682678,1.0716250753944,1.24889491913794
0.00000643046294963748,0.667049498508194,0.847488010697434
0.00000417465592639135,0.984706062013597,1.15833093783219
0.0000058448024228255,1.13177099627104,1.28512510946519
0.00000704547978435139,1.3477432900027,1.54716900709637
0.00000639256066162414,1.38913860963403,1.53343265810946
0.00000768840372597863,1.33420124690071,1.50374874058986
0.00000529663173290483,1.16791915182409,1.33679597598756
0.00000603618195046788,1.00758808582435,1.21520795007989
0.00000519149907577757,0.951416619089199,1.13201072024822
0.00000546394705325753,0.96444862380091,1.08666494901987
0.00000464750423892557,0.966949506869856,1.11945165325156
0.00000370035216354876,1.09916595346078,1.37853662023214
0.00000270048482652137,0.909579393230218,1.08945983692364
0.00000431835803760827,0.909615799871799,1.11956153369999
0.00000472076936849608,0.968717041962364,1.17580778776425
0.0000024498058190328,0.504743404822368,0.795840509527226
0.00000461566127617631,1.18423714304622,1.55112944592996
0.00000499884381878943,1.04404861015181,1.19136522957212
0.00000946882266284044,1.47226606291863,1.67341218574889
0.00000479479547136859,1.36483318835585,1.6921662865488
0.00000455308602421236,1.01801390879857,1.15999753494991
0.00000854567362706473,1.56023164586969,1.79761768915671
0.00000289987999484879,0.999445176366871,1.22045941239193
0.00000691456870357141,1.42777847010091,1.73297676469981
0.00000370109519433267,0.893062976246265,1.84178249784127
0.00000383507554405927,1.08646407721261,1.21522257413286
0.00000509323240187547,1.73806985179631,2.13978895738245
0.00000420798376557907,1.10584355486239,1.36923017702537
0.00000658832573607402,1.39713655965506,1.584412382822
0.00000572965335754076,1.27008589091078,1.49413457082956
0.00000582368143349172,1.14661933388813,1.35584141628665
0.00000493968088625239,0.913747598289615,1.11324996392249
0.00000395655911410594,0.317023763760741,0.879365986558797
0.00000709186434105014,1.28002057328815,1.45392040371767
0.00000481361575358359,0.878737422513686,1.05628707684814
0.0000029595298494712,0.810174111483246,1.00163004913333
0.00000414333776259723,1.11896636871054,1.28446325658692
0.00000361426795211592,0.969013097160285,1.12089070774225
0.00000466466718498953,0.94117280517807,1.19442829785132
0.00000327604451460413,1.15598664485562,1.44451883893969
0.00000653782996396525,1.24404893382436,1.37768995537105
0.0000026935786735862,0.543569558076901,0.921625891384792
0.00000545281920177368,0.555795062016327,0.853562612650905
0.00000221599900838369,0.869507418194835,1.27086309663815
0.00000357400787846099,0.728332922109156,0.895138530355908
0.00000551315042562979,1.28756407738966,1.59467164743778
0.00000400802294914708,0.979119038104634,1.23039438407703
0.00000626620156718475,1.0308188808054,1.21863310073647
0.00000590141146772736,1.29778211963527,1.48725121538538
0.00000793085137850149,1.43044763113625,1.77844344227535
0.0000035668218170698,0.374661772342794,0.772690488600211
0.0000049660407488974,1.05253132162767,1.28945380936747
0.00000184003136512344,0.409095399874399,0.697222195009853
0.00000224125925504123,0.822025036204507,1.13938400764746
0.0000053904435448506,0.946080695395943,1.13294194292878
0.0000033105710172193,0.849591497184765,0.974129636197295
0.00000648871804729935,1.15339478793733,1.33033971524486
0.00000267935186171693,0.855218763387914,2.14385400420949
0.00000484544154309215,1.29064425794722,1.55330347641602
0.00000426880449135215,1.16192348514997,1.33029919896002
0.00000451863702629276,0.999395950711788,1.13587184930507
0.00000390075775215012,0.83076868298843,0.963164537917648
0.00000506087366122402,1.23379183950729,1.55213052750032
0.00000544302038232079,1.03319293404672,1.21140608597444
0.00000462330318095566,1.47219629333561,3.06378091651951
0.00000559471051305973,1.25148794505344,1.39126742722147
0.00000765363735871408,1.13717817669656,1.35776276808618
0.00000515014997380075,1.10396601113457,1.24660803516402
0.00000638278836196076,1.35702385364668,1.50096289209886
0.00000738331496481519,1.4166892442847,1.70941493038981
0.00000757071394228839,1.13508905733525,1.34833140397528
0.00000833151129782807,1.08566603960853,1.2776795690071
0.00000087418884841405,0.517712473403959,0.965370495901457
0.00000590530286578742,1.18425490971957,1.29834229434371
0.0000063289203286369,1.65359616749408,2.01377446773883
0.0000048050844468458,1.09341013202352,1.27491337592813
0.00000808639373150012,0.812630418887188,1.20038042970669
0.00000478327533281023,1.30703163860068,1.44046119800398
0.00000419337303785835,1.11799108524166,1.31658105640738
0.00000704143936350579,1.64204750415116,1.86912331769876
0.0000082596843823465,1.55089098082553,1.6795943183647
0.00000376898946755318,1.04149327642019,1.26908096825735
0.0000078344520341849,1.35834909103395,1.49257022628672
0.00000251516532567354,0.552405944528011,0.806841777842305
0.00000554561024300503,1.24511190934597,1.47815153393527
0.00000246698467105901,1.75036344373709,3.26499556367254
0.00000665357163782968,1.17273241621088,1.30139793646595
0.00000531100108970217,0.969026563565866,1.14235501141691
0.000000767280922467181,0.721190817319457,0.905445041105993
0.00000367538731804169,1.43251598281485,1.71242223827763
0.00000547275094818461,1.01910132331174,1.21759845705021
0.00000605135846904975,1.3667167822647,1.49853297647518
0.00000511455533656264,0.76558956609905,0.947795459268272
0.00000638989149207208,1.16867893955092,1.33383980503641
0.00000511790655446413,1.07617180479714,1.29975895520581
0.00000611197398961148,1.31085738412365,1.44549863250025
0.00000626095447281088,1.39814315036244,1.58397679057584
0.00000371760469398724,1.00797913540837,1.26531064226302
0.00000536730931052045,1.09820903622092,1.33529969368958
0.00000178515010415194,0.75198685461792,1.04090908499679
0.00000718302585443995,1.31381534176961,1.57084531130984
0.0000066688450300673,1.43857191209635,1.62521919154104
0.00000306619933842511,0.824483301871285,1.0165741601001
0.00000616482755984414,1.20635933906466,1.41019582110735
0.00000497383315470102,0.943199901557008,1.08747909518463
0.00000855572766364573,1.66266155068093,1.85612113138541
0.00000464117304874541,0.988901160688192,1.17423346559881
0.00000493719454766928,1.10474311751452,1.27198892080019
0.00000490011189449236,0.717041180894048,0.919957763248546
0.00000667224909828471,0.918222896521595,1.35055080780481
0.00000669771896571066,1.3460227904009,1.53191306548327
0.00000707543568428941,1.04459951362396,1.19239935040926
0.00000426567526985569,1.14401752299543,1.35239069850194
0.00000522184577277337,0.843397988118439,1.04410170115544
0.0000049931754206079,1.4088507803962,1.705184820328
0.00000489516778740813,0.874366877318076,1.18014789234502
0.00000810206206958438,1.40763003725249,1.55453984545694
0.00000543407262214463,0.754279585907414,1.09082417321405
0.00000278188751248125,0.613797782260716,1.36138703182004
0.00000626506212793029,0.829649787416734,1.01455504444539
0.00000685211900916965,1.28955658167455,1.42152775060344
0.00000729875221029432,1.80276325199248,2.33928225254244
0.0000061350722929032,1.49938672038955,1.74234607803925
0.00000757714365760126,1.78989656662863,2.06022380408219
0.00000157945222938352,0.672151276279505,0.863130057684597
0.0000053996195378846,1.21076806503647,1.429220037093
0.00000236225148082574,0.918308831915803,1.06901203477884
0.00000350475095693954,1.15421472530419,1.38758337896729
0.00000598961669780041,0.61898370926843,0.876442515495002
0.00000662633957557052,1.11586502773877,1.37372423777528
0.00000552290377348885,0.953305343506372,1.10446996620808
0.00000365387445559679,0.793890074970216,1.01979540804008
0.00000651740508649395,1.29156574076339,1.5806328302008
0.000011099867564304,1.51379566919927,1.77840059446708
0.00000530275143067384,1.12801908667898,1.54205606413697
0.00000926789016191196,1.40840994464278,1.79632684815741
0.0000018329976062851,0.855619938634239,1.10988451127866
0.00000648927127363172,1.10138939877845,1.31319201080487
0.00000158118558964344,0.873826587962555,1.08128070244702
0.00000588972569810705,1.03547673470818,1.21609170849767
0.0000078272288779348,1.32369965602951,1.56566966644228
0.00000818337587766118,1.50383328915812,1.64602247325396
0.00000330957801004718,0.97514145271644,1.13833740500409
0.00000894564626718036,1.41469007874488,1.67334172906559
0.00000481633712053934,1.09250702642088,1.27934550235961
0.00000781730989857469,1.25227811268322,1.46139988215975
0.0000067889469784469,1.27611584941517,1.39595083929247
0.00000806852552596428,1.46088510287319,1.69962214553411
0.00000685025905435675,1.20280196174533,1.37508158441008
0.00000520470070276511,1.50119215269394,1.86200276713031
0.00000571529395520556,1.01716394638937,1.19614506280264
0.00000494002347609472,0.890723912744154,1.04411603498113
0.00000737613835615224,1.11422913147627,1.30175810621325
0.00000734175618009881,2.39234934978809,3.49825449051032
0.00000576145625989563,1.33106165904748,1.57851359783717
0.00000682601211498119,1.31857672212742,1.50058754948318
0.00000718435041470599,1.49146666878226,1.69678651876921
0.0000052567241916501,0.894239121490297,1.07764921662405
0.00000418304237554247,1.08645123185422,1.26786570296405
0.00000299662687372578,0.891333725025152,1.04298381569887
0.00000503215462428684,0.9110872220853,1.22060223778579
0.00000272632892368907,0.56648496545589,0.963125482898297
0.00000298574547795974,0.756326905264975,1.06510784869321
0.00000654757717479658,1.37656338492972,1.62406313287683
0.0000050651321682529,1.21487596394118,1.45170338861137
0.00000619057208815081,1.13895948308867,1.29726436905396
0.00000410107629548245,0.751064550629901,1.01813889340666
0.00000182351086135824,0.632818401117717,1.44052458023535
0.00000475587499341722,0.774237196176704,0.962840470165689
0.00000639102126214868,0.685029507393551,0.992935153148592
0.00000415499376188753,1.0328719772485,1.18204650021288
0.00000629050053798378,1.30700445690736,1.64420367578781
0.00000533118697094347,1.16018631208619,1.30875830583461
0.000001667953533856,0.511340491424131,0.951100690885112
0.00000609810927682278,1.37218197464806,1.6221791880758
0.00000306634180619861,0.721519918890433,1.04846765016479
0.00000268812911484619,0.861311310019104,0.994060541093685
0.00000379477828936149,0.958786394591014,2.2332239195709
0.00000328318177885248,0.935907015305925,1.28522173989119
0.00000409266180468458,0.873732370832517,1.11920169680851
0.00000335003412383845,0.607441377033998,0.886996516273801
0.00000446737428502509,1.29936432910842,1.56604865399037
0.00000421530561918219,0.950609424216544,1.11336386842693
0.00000556460781428128,1.31906798317687,1.71358552768449
0.00000476191387325747,1.1104266757842,1.3282064357177
0.00000309361218036401,1.05348156159299,1.24494672774862
0.0000057009497258363,1.38629397756949,1.63864074315965
0.0000039652855105823,0.934794831149587,1.0623730430147
0.00000451097486110698,0.882008271411504,1.02199381790311
0.00000147913679952383,1.00884427160657,1.22043501636336
0.00000446714405633557,1.02599162174301,1.21787151724644
0.000000877889966802133,0.579912965857911,1.02968434867862
0.00000638770461819517,1.35401384791471,1.62330770005119
0.00000558275448750146,0.855432789207823,1.0161388000499
0.00000353069342676742,1.26143996010284,1.59258892031911
0.00000742612908825413,1.28294214190167,1.59731377593825
0.00000632756667324106,1.44427931051581,1.65559311850301
0.00000423837695075116,1.1184300457594,1.40649185756032
0.00000416583136778575,0.953938412968631,1.45289637042391
0.0000052319643305431,1.05124318991461,1.18586941226618
0.00000189156768156345,0.969108658946445,1.09801687619252
0.0000108766263934248,1.68281792819855,1.84942824050743
0.00000525017985037665,0.627238408711881,0.846233081729662
0.00000592939383244572,1.22175846966555,1.39144773361587
0.00000799219934106749,1.39279088412868,1.54427853048354
0.00000437538212382134,0.995501270834241,1.39711154626723
0.00000609267895920928,1.03505027919702,1.24802901025028
0.00000644224471082158,0.92451260155322,1.18882245353317
0.00000325387285248221,0.78426673991305,0.975917292119848
0.000000846910515799676,0.873590734125089,1.10109728726476
0.00000629921631025991,1.19336708622275,1.3809356734808
0.00000585390015211771,0.257586528271854,0.704553797259284
0.0000108126333388542,1.74502163419511,1.97754466370427
0.00000418091347061085,0.627769532567319,0.835000109443001
0.00000394379498936842,1.02347175368364,1.17116091631013
0.00000383737765470644,0.720553584187016,1.0489214029022
0.00000514542766653406,1.23326084114195,1.40864955086502
0.00000682692570077681,1.43667576662623,1.69749633362637
0.00000503635703852058,1.57772846889122,1.87287446268432
0.00000503075992176309,1.49846146988757,1.78760250818597
0.00000489902166564572,1.40618282757286,1.67851656036551
0.00000519678504542455,1.00175286687125,1.31449777508236
0.00000420099638774141,0.707898653942137,0.864630789190638
0.00000657787450773642,1.18975095858851,1.37013905978853
0.00000292351257080622,0.7085302361439,0.887847230360454
0.00000571992903692064,1.36181797776032,1.51838629440695
0.00000241644341091719,1.5512342276113,2.45755299859025
0.00000335677225127595,0.0537779844924658,0.61517833031738
0.00000734595593229444,1.84334752220492,2.68716968755482
0.00000281955388652445,0.753967498344906,1.01399870723125
0.0000063372609911365,1.15025563262833,1.28212170042023
0.0000085452491579201,1.50063380394208,1.70400938613493
0.0000048606675524571,0.535928242383373,0.974122571051546
0.0000035990974105331,0.750408619524188,0.9256134069106
0.00000741020686776764,1.3588297920863,1.46572924996806
0.00000447966851259135,1.00768942736071,1.17129386645393
0.00000412346943051436,0.814906554567487,0.925037682260908
0.00000485886701631678,0.859390625791449,1.02806036439833
0.00000587492210043069,1.12229747699101,1.28510090308995
0.00000508695463471129,1.25018444540864,1.45516771986757
0.00000742958760027552,1.12407077547421,1.36999586550095
0.00000212155820698234,0.96397651769638,1.18126224395151
0.0000036931127382891,0.705243583781411,1.07200860517978
0.00000662577098115811,1.161486344572,1.32817925682965
0.00000426234473158147,0.865357967643652,1.0972611901999
0.00000682264361180561,0.960544014315145,1.31543697161764
0.00000324102303789113,0.385038153990194,0.54017046033375
0.00000595657431240525,1.28976396176544,1.41771960289383
0.00000876564735454719,1.41118506676422,1.56105357878351
0.00000342477473599173,0.699941235269179,0.942452430444996
0.00000445159420583995,1.08102174566564,1.25484905032948
0.00000521980681173435,0.809542990635429,1.11400702090991
0.00000542893059657867,0.978618027650242,1.18320761892384
0.00000712163677316327,1.24685491299727,1.44489272371561
0.00000633206775782429,1.24202449808044,1.84113127865976
0.00000628513411816658,1.29526077216327,1.50292529704082
0.00000428030947226537,0.876541326861581,1.06902998114862
0.00000495878139492227,0.754198606846961,0.898604811564734
0.00000727834197538066,1.41263278316775,1.68129069790515
0.00000734930312159628,1.77892011221004,2.0251490283889
0.00000433824072535909,0.673408269782898,0.940773866399411
0.00000662611350973469,1.17532994476741,1.44419472252593
0.00000500679752132591,1.19719246213757,1.37413511170731
0.00000456870438780115,0.647522055227973,0.970565803433635
0.00000234600008977953,0.762691900669839,1.0689560587619
0.00000638596270409212,1.188994568717,1.37939941341131
0.00000354904341338615,0.718929879341677,0.902929981359294
0.00000457244483468157,0.773071440701878,0.910268444307931
0.00000752194810729745,1.32223843632431,1.63972600205188
0.00000530361388212902,0.81854158797305,1.10832630649725
0.00000514002532699579,0.493745539045077,0.840369204284115
0.00000672195103150555,1.31774653921249,1.61556845472352
0.00000551507576105215,1.21253868595539,1.45508551874457
0.00000568836621962905,0.813088325309401,1.27401463978625
0.00000330934772109037,0.878558893815798,1.04740287777541
0.00000478122638627316,1.099128454101,1.27122865021822
0.00000457460306442605,1.35627265996336,1.66783480136893
0.00000108000546652186,0.645582241385826,0.7783104819628
0.00000633581777611534,1.15344386405019,1.28514218368466
0.00000699130008027682,1.33786539761864,1.53636066485163
0.00000634381805143991,1.55252078933202,1.76963562917636
0.00000502516582268085,2.19090028027044,2.66776889145326
0.00000844078919185611,0.940603281383033,1.1357469497349
0.00000342957549898454,0.904144093427306,1.02663417077135
0.00000390490624974517,0.722386265534519,0.891727748321479
0.00000431204536964932,0.555494407307791,0.967037807377477
0.00000391302529495322,1.14841095356575,1.28612166379112
0.00000593290095339048,1.36967401959143,1.70600970531487
0.00000182693101405674,0.651675125746112,0.83400764518051
0.00000759024686194971,1.71193661103363,1.95123791046002
0.00000522124520383497,1.81280268387763,2.29240603235795
0.00000323853030071113,0.862815208825935,1.03317461621804
0.000000478933378419258,0.207293073212813,0.415581845614733
0.00000286782921064823,0.856349846358853,1.03911504741732
0.00000497254593730239,1.15903748166027,1.40031939040315
0.00000483783345594888,1.13564464679377,1.42562352549523
0.00000902147848825848,1.65756590024312,1.79809856106836
0.00000307037661683059,0.83301433985178,1.08453696476837
0.00000506071829418478,1.21759821686724,1.39767245674343
0.00000516864889723924,1.02714967590748,1.33698814215512
0.0000037360941532916,1.07820699831921,1.27217717944457
0.00000660023045723785,1.19319002237473,1.41233224005836
0.00000457217293397959,1.25178310689494,1.51947608736193
0.00000455037692884,1.08835295539121,1.26715052054502
0.00000287069522258818,0.961071971400803,1.13637921575066
0.00000611681873696258,1.17267531609195,1.44992119896773
0.00000686683897294673,1.02766443640069,1.28748654995551
0.00000561586469427519,0.827921822586005,1.09783573788622
0.00000505335066212455,1.24132942528898,1.42037229655678
0.00000418158324062041,0.928437208219758,1.1425036669953
0.00000514184349200569,0.812435692610372,1.06670561352949
0.00000578785612598069,1.12146620640663,1.34211055989675
0.00000462698957961501,1.06513846392053,1.2063836538974
0.00000868125858794489,1.20160853924901,1.5284716184864
0.00000415849622984088,0.930985217621725,1.09692350084657
0.00000339506158116852,0.822268679874129,0.960411861547278
0.00000199616228413073,0.556299811721814,0.974907275463794
0.00000663980823616864,1.39887118237253,1.68698057090727
0.00000461775484410203,1.17871082932898,1.41730883283011
0.00000525462767752161,1.14561269348226,1.327032245214
0.00000653763343195851,1.27690556338263,1.53075210264143
0.00000547815943740851,1.08502703035297,1.28704777617391
0.00000431208730556095,1.20205356549538,1.41027541155573
0.00000624074792023979,1.35289125475804,1.52179036693312
0.00000223023943423306,0.987761750905705,1.20583058972537
0.00000812925761329924,1.61481713898543,1.82700053135463
0.00000583736565098466,1.68132263651175,2.13416048059702
0.00000458394659682769,0.838180583921956,1.02259568952891
0.00000390306969436617,0.979275973835755,1.23041255836979
0.00000662639227839417,1.24051987153339,1.37001823215541
0.00000328269798022099,0.449125924720773,0.669136894760645
0.00000718759539415178,1.0845091254881,1.26204118648539
0.00000434505110170933,0.929773658866986,1.15693682483592
0.00000394977489103422,0.355894987998008,0.516068614668339
0.0000062254679255843,0.991473408242458,1.19297143411482
0.00000301143489158519,0.670740102855729,0.897707038322803
0.00000548865880410058,1.13158679714876,1.29501578021542
0.00000900009434092139,0.920934713795632,1.20977267780187
0.00000335019283279056,0.98837044025463,1.18307959131923
0.00000217515953095755,0.556722135780179,0.694608261157247
0.00000281896503203905,0.460860807193337,0.689940580592967
0.00000104027119958441,0.378807328395626,0.536815494271654
0.00000621804351765591,0.99415401838148,1.16999692776841
0.00000537467482415216,0.659170962812537,1.06147051434032
0.0000037136271555923,0.994845073718426,1.18178883413698
0.00000606941963866339,1.1246489697701,1.41535002523306
0.00000387730562201968,0.79586238053724,1.16971028059567
0.00000305542214973331,0.856133465910713,1.14154789531582
0.00000484855113149566,1.31206613052785,1.48046998963482
0.00000553880193322993,1.13753999951879,1.26940594085712
0.00000605102515091333,1.13937041142709,1.52284679894013
0.0000074668326946153,0.536246129316081,0.813214283881277
0.00000757292046970052,1.25305303038457,1.39703057410405
0.00000323182032515706,1.18500160133747,1.43926973275284
0.00000610193861938582,1.25385515265564,1.40562057517235
0.0000022481985974694,0.814238023605685,1.01741066978346
0.00000527896266116561,1.10981534825536,1.34139380337733
0.00000575955583480199,1.20000986564033,1.33648838084218
0.00000530917345272194,1.09865639408405,1.27982686235186
0.00000611436530772011,1.08872704072228,1.21830921280974
0.00000146516878280976,0.752749746327417,0.918140928040602
0.00000234460376960387,0.579825627605924,0.813237567464213
0.00000334777307577159,0.393150817855373,0.755028482634341
0.00000442365342378006,1.00709229830995,1.23381528698707
0.00000546674793934365,0.963706069219587,1.13289943828886
0.00000326748383109973,0.885698862089676,1.21281725323943
0.00000398158195129398,0.613897299600378,0.875097381559434
0.00000627287448884222,1.25622911379897,1.39282772586164
0.0000053430383613375,1.54842635814219,1.75580605762108
0.0000067652494836868,1.11993477743223,1.66683849724774
0.00000622775163948046,0.584607477946064,0.816268764338001
0.00000262974583840047,0.761740940249268,1.56900484370307
0.00000589773879113001,1.1988777099288,1.69375964519965
0.00000481735572496161,0.992400149997687,1.16098089499569
0.00000328179526487668,0.897655995297403,1.05710418844303
0.00000273221519027001,0.779235064095842,1.00398308267268
0.00000105549008036182,0.70031421857375,0.972992943190135
0.00000500442947759509,1.11695922227875,1.24625669334459
0.0000119253941287217,1.61567954609993,1.8543877204533
0.00000538310028279976,1.16429341014859,1.31774872834808
0.00000740605937457838,1.16963281025668,1.3358707373843
0.00000719051977343401,1.16928209330053,1.42816391031329
0.00000534912686787189,1.24083035055737,1.56853467991734
0.00000425047752056774,0.820703463040428,0.988367750222447
0.00000482898208639805,1.11539006265332,1.32516496643657
0.00000430356459256956,1.15434033343989,1.32562002402657
0.00000292216903721701,1.15496711275793,1.28457861396123
0.00000622645344351805,1.31228640290835,1.59149583748947
0.00000272663323795655,0.502721784323909,0.763281040683824
0.00000369839956860866,1.1894170732023,1.41534923641225
0.000006761914598816,1.17875567590021,1.4077046125544
0.00000581903360563019,0.76460983404783,1.38763354806719
0.00000426999154004278,0.87661615306162,1.04915604886885
0.00000776133630926408,1.22358794379019,1.63012453288772
0.00000702176929772373,1.74067078966989,2.0747975004227
0.00000541459587449223,0.886752115581545,1.13168420810814
0.00000523042047916374,1.14992304334407,1.29474938271041
0.00000566726634378668,0.937165733106427,1.1364105529132
0.00000434129769651474,0.952388197221812,1.54233289759174
0.00000782695887706978,1.35967294298903,1.59980542924238
0.00000856344687153116,1.32578723987092,1.67247545873436
0.00000403843405664764,1.13634157212091,1.37634076934195
0.00000449472787459996,1.00820153991558,1.26803662877767
0.00000614287474899029,1.23359973280133,1.55299087585802
0.00000395793725186775,0.418965556226193,1.00384979901122
0.00000536513600412411,1.1239134713185,1.36253418300019
0.00000691736831270885,1.34839010193323,1.50250226526963
0.00000638560350436574,1.14874872116289,1.31094106348427
0.00000638992876207082,1.19793402808596,1.4848994144144
0.00000603743915143442,1.349446287657,1.64495150002515
0.00000622282167989519,1.21752891447865,1.51044608221764
0.00000653628322071427,1.1078292095071,1.24074735385159
0.00000429479634052486,0.77675255736399,0.944897322306306
0.00000748072199193133,1.03594707474662,1.45366296920255
0.0000084342017693435,1.33294256192675,1.61949155950592
0.00000651750433079031,1.59168917221719,1.81074831483089
0.00000202300222401054,0.406641311169064,0.586439762490112
0.00000461238664098311,1.01559981516804,1.15370391547318
0.00000747432911934978,1.36487325595743,1.53347373930978
0.00000777798347538009,1.38655265686646,1.60237103388178
0.00000242422559302105,1.78721978498611,2.20790805864314
0.00000274977318896247,0.778879170441179,0.984572542868301
0.00000327055187790748,0.804478937229686,1.11688566496838
0.00000631143296166483,1.30714290569244,1.49297179986657
0.00000350906397572874,0.910270226620248,1.05591000242691
0.00000831422025408818,1.29150281190295,1.59523904923866
0.00000767654742595007,1.3145687859859,1.56822373521697
0.00000617136288240776,1.36238378318202,1.503045814292
0.00000536976007805796,1.18454803505227,1.54604623077749
0.00000871614514336897,1.43469339227946,1.59559173368047
0.00000510366650597899,0.698878306215646,1.72303864435074
0.00000242781715926506,0.849831963729021,1.22568860923025
0.00000582442854786488,1.10684112286266,1.23479451278708
0.00000842579026560491,1.46852556731285,1.63614514095717
0.0000021391516397635,0.804701267439843,1.15623680161088
0.00000644921670370099,1.19509066822915,1.35675414876933
0.00000423290738345295,0.930075259136376,1.04396102264926
0.00000266000595947637,0.82239803839795,1.00321445003727
0.00000275018297213213,0.702978653677211,0.872840119066102
0.00000569663291674371,1.45152043507838,1.63825823701515
0.0000060900671728421,0.883345695651774,1.17500704383251
0.00000489269260624707,1.1228731884651,1.24476905807244
0.00000414046508226007,0.810962030428652,0.973957244179994
0.00000215541829023296,0.918119346042613,1.00333285454929
0.00000490780625628548,1.02100399769873,1.14881891070291
0.00000332143423564333,0.960840832508007,1.20712516694868
0.0000045623288990338,0.522715420827091,0.712559778516038
0.00000286015915385939,1.18921332735014,1.46302734018986
0.00000395023399026864,0.581461947975437,1.24123502024828
0.00000357640344613624,1.30524067453113,1.76127996606462
0.00000717810012425323,0.725762050619355,1.40156895115746
0.0000026834038131464,0.516319997384123,0.716144017724359
0.00000106685293174772,0.9801828359599,1.23354732798276
0.00000394354692576065,0.957843424576896,1.18835377569875
0.00000400196587522288,0.996353097116944,1.0944883128928
0.00000641595051252392,1.25517965172342,1.48044863737355
0.00000367122162280902,0.938782396789851,1.12380252520904
0.00000221052691846312,0.743255445201446,0.969435858514577
0.00000462157953795641,0.872232425143749,1.02846233267072
0.00000551376632528169,1.10532198541317,1.28911372704133
0.00000434587684334475,1.52961934124069,1.74276684232444
0.00000596354225519036,1.10846423174432,1.33167055999185
0.00000277967430957967,0.697069520926143,1.03467332665642
0.00000208532566677737,0.647705254144014,0.906077628237385
0.00000634120773253018,0.814387193772126,1.06702527187077
0.00000404633565313019,0.898054156514582,1.14204429279146
0.00000417897629408958,0.979758308595186,1.24551310224204
0.00000313257680986384,0.935055762640896,1.07763392521466
0.00000679588523463733,1.21064490219088,1.38226277640478
0.00000733384889340897,0.132427689529713,1.35771071001852
0.00000505605145626978,1.23110245799456,1.40260048264926
0.00000380124859709697,0.588674099748214,0.848516801167665
0.00000235532764948586,0.846954533183775,0.991430088412477
0.00000620534065452993,1.36656592656956,1.83253262548693
0.00000594829823593984,1.08475915763084,1.25199131425672
0.00000546431701932503,1.13914623915546,1.37028492287163
0.00000408256434655792,0.748308815508312,0.989819597112097
0.00000430725956264694,0.785373734123285,0.966879205536846
0.00000398304592550458,0.838252148752383,1.001414382292
0.00000511380457726946,0.934549804925816,1.10783049720615
0.00000549206478886204,1.30930292713872,1.73441868555399
0.00000260283544298356,0.690070828717203,1.01908707413557
0.00000801015447743495,1.08070414810737,1.33273012567851
0.0000046985267998201,1.01613483633268,1.1948868124606
0.00000466617865882096,1.05834187854125,1.22431843707213
0.00000383037807119079,0.754091840083618,0.956834640603548
0.00000462232557090055,1.23248374816945,1.50458682068487
0.0000088281192532805,1.43119751456039,1.64643255261301
0.00000322107477821184,0.807445231561523,1.03931717550063
0.00000476280655524753,1.05941188825918,1.26173720598539
0.00000378738440053263,0.934614977085585,1.12916330967621
0.00000295547284343134,0.644514217119984,0.891796396959207
0.0000078356218487503,1.44338912368393,1.63205892168157
0.00000316998160194239,0.138857465416447,0.440339716338346
0.0000053426105590609,1.10146574346092,1.29000209215791
0.00000450230194194682,2.36526732138448,3.88149554913829
0.00000663710692680612,1.3834399952637,1.79087282897333
0.00000429522942246813,1.23646244299012,1.51047464421087
0.00000275795637246403,1.15451820138545,1.36454115055717
0.00000216880416364487,0.656925826374207,0.857726612654867
0.00000448175201254717,1.06745013755775,1.48369364209864
0.00000573812732492615,1.31585139548398,1.76181976703879
0.00000456504615310316,0.649230617504355,1.01800668796936
0.00000895884307406114,1.29453811320404,1.49299303353138
0.00000754154720341164,1.01335717276465,1.24151367529704
0.00000587617873174685,1.20259588986716,1.45099028024189
0.0000036925430961286,0.90066903683894,1.12290673469283
0.000007729039770437,0.967797934495748,1.22858275624889
0.0000050894054769306,0.973150250038433,1.18256130201896
0.00000439045712418012,0.755461694660966,1.18678279345494
0.00000739794344113974,1.07604232612451,1.38596092644935
0.00000268882319122415,0.576532685951366,0.806706545991182
0.00000587877900333339,1.37859045204683,1.53360075761377
0.00000696476902394264,1.34984536440403,1.55967797736581
0.00000596312333175791,1.15760584668638,1.41685100491033
0.0000060864460491154,1.18064416681533,1.35317919031697
0.00000594188599866467,1.0046731371196,1.18581688365505
0.00000570202864744436,0.825871337316682,1.030591035174
0.00000163974358328973,0.587245601436124,0.878210483170411
0.00000489308713372137,1.09869857300542,1.25970636728651
0.00000385071868109538,1.06184428969725,1.23136542605139
0.00000311995663361306,0.654675795594014,0.944420449978923
0.00000509708896677395,1.14539777384245,1.38951849264465
0.00000450619473665956,1.01364766112761,1.25743367827224
0.00000612928382016025,1.18396766031313,1.32253016073232
0.00000350753894186361,0.957476642854137,1.11575698848647
0.00000509575365204558,1.24198818660907,1.40408292464529
0.00000757238287730985,1.05194467190224,1.2352409847651
0.00000580539394448512,0.835885586034342,1.02748588696509
0.00000657154634501374,1.23964065776403,1.42893272151751
0.0000047544054163324,0.799768808873435,1.08800716424384
0.00000531419499144151,0.736301939465663,1.08736093015827
0.00000574366880943825,0.879657049090291,0.979136652278608
0.00000543931076404188,1.17480631650045,1.34863453982609
0.00000346427929018167,0.741073591054403,0.880034061955062
0.00000616597485530747,0.895811575589469,1.05039635933818
0.0000108069737708506,1.63592021573454,1.90708376522382
0.00000374277716215258,1.50761430785034,1.89635977989688
0.00000438468418465346,0.50307131033265,0.750967400388865
0.00000221951757514741,0.509686032439595,0.916617010276862
0.00000591936279353171,1.0239453191997,1.28218465028143
0.00000476777291268755,1.05121377924401,1.26094905728248
0.0000057065261009969,1.54534505674935,2.89593262798084
0.00000290038186402123,0.555766427238076,0.703897749583401
0.00000583540034209793,2.55938570290223,3.26039049763876
0.00000612171963707173,1.0285779293898,1.18891888483419
0.00000625879226946479,1.13585509566205,1.44509036846851
0.00000473360890885187,0.804469675670474,1.10801754716319
0.00000801654406496063,1.72559080082797,1.89745561243376
0.000000766414729940137,0.805346206814878,0.943770957865144
0.00000549854465144902,1.13688246302278,1.32278636725225
0.00000469962782212093,1.02307021460008,1.18060501304898
0.00000682573331999553,1.32167024657199,1.60534122328284
0.00000901283835389866,1.65774598874893,1.89682496835754
0.00000493721525451572,1.16876057588237,1.34677096131204
0.00000153900914980477,0.755401538036948,1.03291107969314
0.0000030926036840208,0.796335049112626,0.963570535194906
0.00000798684349139269,1.27551168152575,1.42557966528823
0.00000457364343812749,0.95732792930671,1.44437675223166
0.00000531110741840301,0.693409185553385,0.907786090559733
0.00000348091419833834,0.905692973519572,1.13882651823419
0.0000028685491220602,0.993749796324413,1.16627625267874
0.00000932418648934999,1.69934050398921,1.83396994401074
0.0000100772221974906,1.67156799813855,1.83088458231533
0.0000057625161474405,0.886247811686619,1.10831351542644
0.00000526455117974357,1.04739319873442,1.17948080785841
0.0000044335347199162,1.1306530763843,1.41716529127404
0.00000631469879019062,1.17303492614305,1.32466052877946
0.00000366906308945384,0.536085698278984,0.699117497636281
0.0000041062707091619,0.842495542958198,1.00488699761477
0.00000530391911668666,1.23013826411325,1.46604204265635
0.00000878483854327016,1.20209864414972,1.3952528449984
0.00000400138224545341,0.891450870481079,1.1328599888993
0.00000481603370097874,0.784032286785355,0.944489836271933
0.00000562263507662019,0.838758612445311,1.1095940924691
0.00000466140634379051,1.06280349614159,1.34563917575012
0.00000760686715070972,1.29125295623361,1.47549688530479
0.00000717626415099398,1.49253938217679,1.74225019019322
0.00000797400668179021,1.37387789637807,1.61345515847304
0.00000844010247385148,1.62536526878492,1.86670448890658
0.00000506230725884114,0.915113653685473,1.18637287487984
0.0000051058305664204,0.918986255190011,1.05239596162487
0.00000376106988919498,0.141424785710247,0.937693577273062
0.00000506733246829863,1.24412951059098,1.49957553651857
0.00000379374251851695,0.675427596990691,0.860899581628335
0.00000308604425781112,0.112635123753868,0.417624695403557
0.00000634574602146553,0.970377552058539,1.22198330102553
0.00000749299100406593,1.11019810277966,1.35960358236653
0.00000442701234256593,1.18199807049817,1.43365076992617
0.00000812278632274098,1.67358906487691,1.94128508081121
0.00000498004335337007,1.00920420982012,1.18053151293893
0.0000113793795800254,1.71576358404249,1.90991670029143
0.00000399848111382373,1.07985541409598,1.25425902983516
0.0000057179499707189,0.990891452008289,1.15538284979993
0.00000478359844778619,1.00588665774431,1.28585432996115
0.00000135571502706516,0.688096979596253,0.894391010454019
0.0000057618821798136,0.971826715651545,1.18809944215959
0.00000599296746385905,1.2234396936561,1.36935892108742
0.00000582322096629978,1.21532637125956,1.37181789942788
0.00000635192432321798,1.07894792072466,1.2507536810493
0.00000554970928264321,1.00368777556419,1.13674807869037
0.00000856473312910141,1.30358079691042,1.67517057770028
0.00000420128086648129,0.987761914433191,1.12784557602291
0.00000617798055034247,1.30001332511447,1.48179592502522
0.00000385815927381328,0.684441881541181,0.993830969887407
0.00000729384917496087,1.27907272272662,1.50963423568083
0.00000430463280191025,1.01503739317621,1.22501044676701
0.00000587161549611325,1.10889006076797,1.29554857728296
0.00000266089223406648,0.673596511930654,0.970774123190524
0.00000648112437073928,1.58521167206875,1.79169329872257
0.00000452721746420951,0.907285086236089,1.17098698292781
0.00000311219549034658,0.516802479849616,0.857664693330805
0.00000395580817679698,0.938176283893851,1.09273883923222
0.00000285445765524258,1.26813448265945,1.44085047484231
0.0000073876646653538,1.14738704869435,1.32355435730963
0.00000477417549324329,0.729115886747284,0.881475367478717
0.00000694725352398331,1.12214867764453,1.3190750301562
0.00000416197151014485,1.13459493847685,1.33389209783152
0.00000591082413521245,0.983688653366335,1.30395803964113
0.00000131326833766962,0.660251347036769,0.830238664885242
0.000000609961463578021,0.976867884777042,1.21505378061618
0.0000069520540296705,1.35987991291004,1.59017442771301
0.00000358901318962942,0.84822164241503,1.10009441754941
0.00000570723542973993,1.28704757996317,1.47831672282965
0.00000577270140403182,1.08639413138481,1.36726073628171
0.00000439511180094526,0.728550204150954,1.00017053361722
0.00000603801165954356,0.933234547777787,1.17094770304046
0.00000733259683362752,1.1128616317846,1.35522234669148
0.00000384727297937712,1.34071353688692,1.58491944455393
0.00000521123838901025,1.12727162072599,1.31390283736804
0.00000466584638346593,1.1832943628567,1.40825397591698
0.00000303388860467192,0.994728133493565,1.23124437904318
0.00000572246825633431,1.02655397188458,1.32969277549186
0.00000566871400527312,0.893159098132576,1.09712144109962
0.00000498910849775767,1.06581437100433,1.3260881443128
0.00000574221715119657,0.764622543901967,0.989398217197561
0.00000290528672606363,0.806518808910669,0.979123070880605
0.00000139132055481738,0.988352638854437,1.53519820201456
0.00000733326152867691,1.34151747365872,1.50904558036586
0.00000552767022143097,0.494905590944522,0.698406964689599
0.00000811325723571581,0.289356554604127,0.613532927439811
0.00000487473435910918,1.26932400552744,1.5753766670584
0.00000255423919061333,0.689159569998475,0.877072483995032
0.00000362229168214561,0.558591087330813,0.827199088051378
0.00000640122788845997,0.84728936829344,1.02155909907415
0.00000311661388713929,0.638629297777319,0.895756777843277
0.00000596677933321303,1.3774631283932,1.5450457247214
0.00000477018467003328,0.82600177236177,0.98635959435263
0.00000392196787022931,0.629496644610286,0.899167396925593
0.00000341044310970194,0.579714745814723,0.746663437094993
0.00000420256440199233,0.167948985984792,0.878915074484697
0.00000620465222790242,0.853355310357124,1.21357542083701
0.00000251676075399718,0.698163497131439,1.11170423738668
0.00000682518283945679,1.57633008820583,1.88469696953916
0.00000254647933726193,0.869701996387177,1.10149295849941
0.00000605664917417376,1.21179487661025,1.45053682761604
0.00000711157336372841,1.14694723842672,1.30862326160916
0.00000540597805257456,1.21979958395372,1.54626335146343
0.00000359207374259477,0.937547516000267,1.13819323574022
0.00000808007004589931,1.40104491455122,1.57854308269866
0.0000038875070373175,0.652126514553177,0.808282131533167
0.00000196861776270442,0.764409478887383,0.973125851508596
0.00000293427659898451,0.649923905942213,0.854907715938543
0.00000313826604285712,0.00465488161077254,0.351032182770691
0.0000025374982978876,0.798335361784042,1.27123060935656
0.00000570464893058949,1.14399683000396,1.36134444721866
0.00000472351196320565,1.30442346813056,1.56636220306946
0.0000040646312439972,0.748235407559931,0.992904242696352
0.00000611495235896256,0.99705913223009,1.22791745469377
0.0000029300332310625,1.4252343195285,1.74700193354651
0.00000649664777943494,1.15946461668988,1.40857347045313
0.00000422049093078056,1.19298327343985,1.45601460665121
0.00000613048126345778,1.26462035341149,1.39532879942969
0.0000026177162728671,0.715210659792032,1.01197821140677
0.00000541819553354685,1.2604308194334,1.44957772114527
0.0000033320750097361,0.752177884058731,0.928456025370831
0.0000106165112069942,1.31513814845448,1.6298343790862
0.00000521566924650617,1.47414506879166,1.76291062095784
0.00000589142586211263,1.09453901980272,1.2541312910746
0.00000497943071398664,1.09605323392683,1.28548874335132
0.00000625099090456281,1.11142325198298,1.31858821063126
0.00000543489737606635,0.984462913514671,1.11176435641345
0.00000439852741422197,1.26251848691308,1.45042068208367
0.00000287135325120277,0.880758842754338,1.10565416215949
0.00000292628941271854,0.814439286725609,0.971355473935078
0.00000444931937807352,1.06293871840523,1.28408559085564
0.00000221968830322355,0.76126063883909,0.935111425933416
0.0000060141109175373,0.832928391762792,1.24799607147473
0.00000505043627655548,1.07483664595362,1.25463639436477
0.00000403935098143083,0.563271257382152,0.755568920282634
0.00000528734326739331,1.17380549617864,1.33782337184537
0.00000237782511258425,0.794323385099412,0.932683780478097
0.00000511335353698769,0.894818916104008,1.08412412061991
0.00000786534374434434,1.26343736748407,1.48073429552361
0.00000793516416801851,1.53182629932057,1.72036432770458
0.00000596132137167006,1.48804649130808,1.70038179887547
0.0000083827704961439,1.39778545901462,1.61356136013746
0.00000557549568720121,1.52191977676222,1.83883898445119
0.00000478649410317708,0.995020099587224,1.18426166284387
0.000004359118029731,1.08936433878722,1.54627117187787
0.0000043475693181632,1.09675878749307,1.28753987821541
0.00000472596511854546,1.11167944313588,1.39691241334547
0.00000677125647973904,1.20545717653725,1.35957071156685
0.00000727673687826044,1.06397830714446,1.25348504482671
0.00000574863723971333,1.00613176327275,1.17487992779973
0.00000599125995606111,1.48323215325237,1.62404001835376
0.00000258317626585637,0.781394382512104,0.940627832660007
0.00000245070497497814,0.900578631242129,1.14230555552108
0.00000506692037425247,1.02352765377331,1.21212021813396
0.00000478168563460516,1.00474856726366,1.1380420829094
0.00000562850816660186,1.12109539553352,1.23771989244852
0.00000253423238983627,0.839421942162371,0.98233679083716
0.00000703646280815254,1.18062275311206,1.30555116687398
0.0000039673693917077,0.166117071618972,0.767940507057119
0.00000199843894845027,0.732112391637136,0.91272350920414
0.00000347626732473945,0.6565273093922,0.849445578760777
0.0000073589699655292,1.38992768651189,1.66626290902994
0.00000631501694398172,1.27936892544271,1.48216841424861
0.0000040934363764512,0.680869295582358,0.969854393798733
0.00000267088798319426,0.792227193233866,0.948751055788842
0.00000434225554541642,0.963042567498347,1.12777291338891
0.00000459150062282523,1.01077605252576,1.17259316977288
0.00000481651802490725,1.16556145157196,1.41486344275675
0.00000684467050165352,1.38505999051491,1.55744440847045
0.00000675530497265885,1.40031307432411,1.60849279790266
0.00000578779384909973,1.05482715635797,1.3542625476189
0.00000225636914167214,0.607634474688545,0.845437798333093
0.0000071879688686,1.36004312549718,1.59803394813266
0.00000881560342733194,1.44021433544671,1.54654454925917
0.00000540656627924431,1.09922905162041,1.28364046743126
0.00000725443521460453,0.977622810849512,1.26466563293733
0.00000511709863445357,1.17515630336812,1.33440381429804
0.00000617721835550317,1.00471741382131,1.30235673127698
0.0000115674426929805,1.56631222555744,1.76959036981193
0.00000871189953038294,1.41999342804209,1.56662311419684
0.00000475931878870186,1.16234976548614,1.41049218137454
0.0000040787313051606,1.17119652580636,1.48615412050908
0.00000400708078929803,1.03164417592779,1.15443521703653
0.00000401702322831917,1.0878031565405,1.21767232782901
0.00000471844754492919,0.963839809867585,1.13173220723529
0.00000724249112376349,1.23294270461226,1.48914978368541
0.00000380372760654146,1.06211297783444,1.36971330984125
0.0000044554203476553,1.27341717507329,1.69238309478754
0.00000734510327687697,1.28604045487076,1.40999118186756
0.00000554434321326641,1.426618095708,1.64740759447276
0.00000543853434995049,1.15199496578854,1.35018233459975
0.00000406480980298288,1.00121995060847,1.16557215538349
0.0000057041903937269,1.12880842089541,1.28189884915705
0.00000429555085462123,1.12514766671891,1.32778299865839
0.00000347877174916015,0.723443770117181,1.02798430516057
0.00000394597782400764,0.735280474844332,0.935949793429511
0.00000789319228094624,1.27299387986981,1.45048751740089
0.00000145553864079772,0.220657991628983,0.434665456739645
0.0000061181871010557,1.10393863286574,1.42931969030517
0.00000371854281519862,0.864715547539572,0.973205740899732
0.00000335109926897352,0.818756145988184,1.03049736207978
0.00000276036128704698,1.07324992165593,1.26268637101674
0.00000701626405373073,1.24824205655658,1.36987050233985
0.00000506696875183021,0.860576040434469,1.33725025218625
0.00000225263793486968,0.73521412200356,0.919333934887665
0.0000023611759153153,0.786385162935393,1.14314674548551
0.00000608708965180108,1.31126082962783,1.50502715210899
0.0000052917786745253,0.969001598632502,1.09756248836105
0.00000517441321325451,0.954516493760524,1.11686825755346
0.00000904590797845483,0.499129292498099,1.59486869405739
0.00000394409556180744,1.16599660075206,1.49757379060062
0.00000339364984228834,0.929346328192006,1.23063606734287
0.00000298839610846189,0.824166117459477,0.998113022374314
0.00000725274900716258,1.61058561542209,1.80404652130254
0.00000270477429323424,0.85122646851033,1.11021521942538
0.00000534879427365187,1.04153961401989,1.16548441868866
0.00000809582369955731,1.28661064475454,1.4254945352985
0.0000054344967312276,1.25599511584905,1.43021526295531
0.00000630173428715786,1.22604942956796,1.34330171177282
0.00000355398724023993,1.37368102278324,1.62905761196724
0.00000222719866144811,0.998969564112032,1.2572057528721
0.00000604181358847675,1.08310947228649,1.32003697199035
0.00000647501337588476,1.1651365938675,1.32265341959314
0.00000451727286423708,0.590706663570257,0.775366118531188
0.000002841388002069,0.899600530138248,1.07339654985384
0.00000481171621367853,1.11307664757912,1.29106997357474
0.00000318260123310512,0.961183236953014,1.18604508476112
0.00000130978063470367,0.470296330946206,0.741618045300077
0.00000575832572282541,1.30397297657737,1.48182973354481
0.00000392769169253866,1.31214533262902,1.54667078411074
0.00000825371809873389,1.48775780010006,1.86145319979459
0.00000261628193222188,0.518068499618811,0.847485952926397
0.00000376122399994795,0.860729314970469,1.06913515981845
0.00000962637486602016,1.37114587258792,1.57165416508809
0.00000649519159819612,1.25196532337958,1.36737593556989
0.00000787829204777589,1.53591630006766,1.81432307517524
0.00000703525273256596,1.05217235868093,1.30134889765236
0.00000172763341117207,0.706697239714648,0.925948342525618
0.00000557962775398256,1.27377636306624,1.53587820823799
0.00000938646634765583,1.62360474633424,1.84785796146765
0.0000105480300661081,1.39968869678865,1.73640657970452
0.00000569480298144396,0.997768033067976,1.2061647931182
0.00000320713779273716,0.728347662268728,0.940657653140388
0.00000880401486582589,1.54580039776635,1.78965188364581
0.00000426485478371917,1.00834929176677,1.20446075387565
0.00000361413444642267,1.01197431445617,1.56557944109744
0.00000667068432557351,1.07319158970461,1.2163138092747
0.00000342493246826456,0.955440745886463,1.20200018450233
0.00000548889651859118,1.86999168898228,2.48608002993244
0.00000431627388664948,0.87128155718472,1.05355322463059
0.00000793932753847743,1.3056457456349,1.52186001070031
0.00000351465577694153,1.25950794656925,1.49409600338266
0.00000539980431255635,1.07974766856559,1.28684060063057
0.00000237422634928441,0.782920840804046,1.00340951890911
0.00000906565736546968,1.42113900489536,1.61868476610712
0.00000848848272000918,1.4902227802244,1.6714252943581
0.00000301789034597561,0.760262148254564,1.04581101109912
0.00000457263030231734,1.08560166134551,1.24554574309065
0.00000522809997272233,0.861938326074723,1.06068407367317
0.00000826804318368887,1.19378412190084,1.35404041116715
0.0000023279904193412,0.94905689812951,1.15556260111686
0.00000208105640739677,0.728818472468405,0.966667722101678
0.00000764866312393608,1.16365620761852,1.57564282106768
0.00000764472924108315,1.61127415633326,1.80721184037819
0.00000424269535645659,0.930359238528466,1.16935028066663
0.00000314145259843773,0.640742595910496,0.886984193280914
0.00000474226135899105,0.983027148264511,1.16249798219316
0.00000587485916647813,0.930253337143025,1.10836716208072
0.00000197585034149391,0.454515315498164,0.680383152185931
0.00000776732593101254,1.34148709380231,1.50137065672179
0.00000847268127536056,1.27168201596114,1.50796482945904
0.00000503337962253563,1.19245659041785,1.40271037826625
0.00000527029327450037,1.08355927018446,1.29452890106442
0.0000065876563418785,1.24365038526415,1.38887701074539
0.00000250824528069336,0.866757423215497,1.13368907018884
0.00000857538436808176,1.48037390333759,1.63025224385602
0.00000611792803703026,1.25353590426751,1.51946244619557
0.000000357314248903396,0.452701210794771,0.712031980940843
0.00000680719598228771,1.03900941984404,1.1737734080463
0.000000124217656900895,0.381815670167525,0.609416234412475
0.00000543190454124076,0.360951505788565,0.6892219792998
0.00000915727332712229,1.46321543067282,1.6467333094657
0.00000682209943450156,1.19187317348271,1.42145302820796
0.00000526360621001941,1.00007559450606,1.28178528301218
0.00000273861461621992,1.08150435953097,1.33590724876336
0.00000291000748386401,0.852662563890825,1.10894511979623
0.000000754351981420019,0.615228568779579,0.801705900297849
0.00000437135672333494,0.904107645973985,1.06931071353741
0.00000546048111975359,0.995371283857456,1.24989147582631
0.00000765125488097391,1.20487152130181,1.30557209993112
0.00000283205039322863,0.824469377134207,1.06950651302214
0.00000572071779735994,1.21891408743009,1.42254114902655
0.00000775758815838148,1.11094684034604,1.43133836489033
0.00000417299040807417,0.96775384137474,1.19425879802715
0.00000338950787126325,0.660944125297143,1.29366711653858
0.00000739963436105291,1.12430504041877,1.34749683345351
0.00000377621744189425,0.947270498913914,1.11505278872208
0.0000055149029845881,1.27575925985915,1.46087944947475
0.00000633817802819477,1.22361523432778,1.41135342538149
0.000000553881530832017,0.45682007882826,0.856743807660741
0.00000518104150215162,0.89799798680378,1.0964424092587
0.000000442106313293117,0.470163435262019,1.31200974754272
0.00000507805502314006,1.0492901247414,1.54754084355638
0.00000576847834526556,1.4218194257968,1.59153671847312
0.00000470880597000826,0.925193259084609,1.0936985066573
0.00000223104787093826,0.684022730509059,0.889435456896428
0.00000440969941874702,0.94102837512055,1.17775665442562
0.00000715149612476937,1.39386297787353,1.60699815355367
0.00000291091628553206,0.825120155034637,1.01416206895002
0.00000312214581474959,0.683424775819407,1.06020377639503
0.00000711514709861678,1.02724602770838,1.26935256262091
0.00000384413259162134,0.949782156092376,1.1032290212387
0.00000682355665134068,1.05996563915112,1.24477144595053
0.00000602124478127635,1.28549067159624,1.48289447612846
0.00000480548783183381,1.28513052559999,1.64612865916669
0.00000451687698471939,0.892866921826287,1.09248264200737
0.00000398373305282857,0.758269677127183,0.941262498325298
0.00000788878236121055,1.36376925690075,1.59565734421326
0.00000587026390350868,1.03979731580106,1.18546415873657
0.00000275629688419979,0.514822109870015,0.813423931438389
0.00000279042750703759,0.729113202051515,0.887738848303569
0.00000542985616288573,1.08866526951456,1.28366172226141
0.0000030715101552222,0.38582507094639,0.998325907959669
0.0000069084078176129,1.6318002877086,2.01278176053776
