"","Mean","SD","Time-series SE","2.5%","50%","97.5%"
"D.scale",0.183765598684262,0.0198450629400509,0.000357653362983098,0.147392834050351,0.182980571393063,0.226042216811854
"D.sum",30.6549842231466,6.64443393180159,0.119592576294925,19.5713545574051,29.8668926612549,46.0306667561765
"H.below[1]",59211.1394304112,5855.44275088866,105.367372014444,48604.7868546939,58953.6353559615,71567.5567236166
"H.below[2]",43023.3845178803,4272.43061808969,78.0122999976408,35123.6355230376,42852.727356501,51683.6772847234
"H.below[3]",88653.4508556981,8768.25594685734,156.781489197992,72671.9235154132,88253.8556663686,106934.814891923
"H.below[4]",112745.769352679,11289.9140602625,206.112608848195,92439.8507328023,112137.32527383,135903.514719078
"H.below[5]",31737.7012539993,3191.10432846855,57.1541392159914,26112.998181213,31602.2088272255,38506.9058427066
"H.below[6]",49377.4534166065,4930.92400891462,90.0273331504592,40532.0187500117,49113.570473565,59751.7200454409
"H.below[7]",125896.685461459,12359.9301785369,221.976736859373,103143.731581979,125349.243566044,151070.052524243
"H.below[8]",121585.398091033,11880.9419663097,212.478643196022,99906.2816684973,120928.36471359,145897.520972872
"H.below[9]",101173.529608021,10228.6663041906,180.226092385407,82037.6285796963,100722.754790737,122470.628962847
"H.below[10]",135300.780845709,13353.4740132392,243.727567864847,111441.706176166,134677.709118731,163146.097748343
"H.below[11]",162517.931391832,15449.1431528223,282.143467680979,134057.359582731,161805.607945899,195181.368829394
"H.below[12]",70774.5998225391,6884.38202592828,125.698286820965,58342.2520707206,70415.4157581218,85480.403350206
"H.below[13]",80429.9605468409,7915.66436837626,150.429213593222,65782.6259332424,80047.8633090737,96429.0002232219
"H.below[14]",150805.63944251,14764.6824446952,263.49803537483,123800.507620334,150135.003478311,181933.320017251
"H.below[15]",151502.680407349,14414.4525855481,263.250798591416,124306.934000695,151015.204039078,181202.484796369
"H.below[16]",63389.3286536486,6342.25108197747,115.828349583531,51935.0752311787,62977.9021206194,76436.2905239782
"H.below[17]",112960.395348661,10973.4274042102,200.362034023984,93248.4076514483,112094.231419247,135682.343063639
"H.below[18]",101656.5516766,9886.76938876307,185.204721775446,83799.4077072843,101208.057451511,121872.186202955
"H.below[19]",127089.133080273,12369.0941542698,253.810668527999,104655.500328978,126754.74036016,152674.149050301
"H.below[20]",70316.831615824,7078.79587286582,129.265017338867,57687.6345096453,69994.0310937156,85625.6173911902
"H.below[21]",98533.3363864012,9873.86894056694,180.313548571417,81124.6289052884,98045.8311333351,119626.625380379
"H.below[22]",74642.022338185,7277.27617641249,136.679913845313,61084.5146538752,74561.0908247632,89330.7500437182
"H.below[23]",114994.165633654,11472.5931955354,213.109755072186,94903.2736847617,114198.506895479,138917.710237293
"H.below[24]",147783.226178874,14527.6611046215,261.393975098316,120983.071463334,147278.952627504,178092.177593478
"H.below[25]",80074.5602697481,7856.24792607523,143.233149938681,65300.4933313053,79769.4170752726,96456.903959064
"H.below[26]",60344.4177368775,5955.01907279631,106.830227809916,49045.8512409907,60147.8706939508,72885.3848778378
"H.below[27]",48113.1200101078,4691.67603419085,84.1944839904501,39317.3086458884,47937.3270859125,57727.5995634972
"H.below[28]",50084.8040749225,4828.30941889339,89.7591692771396,41440.0940194733,49818.318299076,60353.8256424401
"H.below[29]",50604.3614723273,4939.72183713333,90.1332395351359,41603.9882808856,50275.0038609028,60897.9510462635
"H.below[30]",23328.1597897927,2293.73087429404,42.7679511564178,19109.4731986401,23282.4426316008,28094.8049207035
"H.below[31]",16032.6953173047,1558.56293097995,28.5857030127124,13246.0046704249,15936.9954915285,19312.6132887882
"H.below[32]",14472.6732096947,1447.40862460488,26.434083027358,11854.4269868306,14373.9925011184,17495.1695899947
"H.below[33]",22675.9088633471,2241.00266794672,41.5236097944714,18640.7319646759,22570.9352129513,27291.4472288245
"H.below[34]",83548.5900004562,8289.65906782498,146.122723637594,68368.8939036438,83147.0956260131,100664.403181929
"H.below[35]",49193.0036886218,4896.40449729842,92.3925057829227,40452.8250228443,48940.2775453889,59719.0277267957
"H.below[36]",15830.4606259278,1557.56007424091,29.5214748111573,13030.5152869879,15718.090738769,19137.1688141903
"H.below[37]",54985.2573739499,5509.87707689247,97.8893796633561,44946.9575367215,54839.6355061784,66220.6346182584
"H.below[38]",75016.8775492013,7415.43897448499,131.180274877545,61677.8651124223,74747.2194234708,90847.9273802287
"H.below[39]",83408.6699700691,8176.80891779109,151.930537888104,67950.9431704423,83160.0515297277,100774.17919959
"H.below[40]",33643.9688469762,3406.03780951797,56.3119075211797,27534.4004961906,33512.8975827741,40771.6224167564
"H.below[41]",36208.7405425129,3620.57350363164,64.8656231397565,29575.6551178978,35995.7356565978,43846.9124041894
"N[1]",154554.324617123,9510.79480378714,173.637147751691,136533.733204391,154300.621031551,173290.770497386
"N[2]",116481.232993209,9402.26787078519,168.944233164811,99904.0641133568,115913.92234675,136136.866032034
"N[3]",180852.916894359,11327.360439626,201.93882121267,160147.287169632,180618.359622718,204270.415671967
"N[4]",222464.852599211,14425.4516563856,263.351904619129,195952.789642146,221780.948357522,251208.573058488
"N[5]",171422.342959493,16175.914738585,295.414591369357,142007.054521942,170852.10464433,205731.890492299
"N[6]",165278.082802791,10724.2670548359,192.423088435298,145781.733237758,164821.626535059,187052.797504682
"N[7]",240990.852961706,24909.6131846798,454.610710462272,198776.607559084,238347.836417866,294613.520270855
"N[8]",298418.912882681,23721.9581688892,433.168926291278,255343.89322623,296857.753382196,348737.19179993
"N[9]",272525.285658002,21793.6345357484,390.074201188846,231858.208629257,271879.56549217,319315.668950897
"N[10]",216467.424772211,16095.2093354787,280.56457243889,185715.049861446,216201.159404241,249901.570981674
"N[11]",195382.764228459,15674.1329746484,286.23318705538,166662.790185,194802.694062077,228066.044920642
"N[12]",138979.454186691,10286.5555225242,187.840562817276,120395.520257658,138478.003557151,160516.444971463
"N[13]",120365.702376486,8988.03087209463,170.544633881836,104177.267330354,119948.558886677,138798.521298227
"N[14]",342116.574837602,21190.032779328,386.919414084195,302156.606061217,341732.219409167,385895.20785101
"N[15]",234101.936883102,15757.4983452163,287.743179481684,204265.449345384,233065.648827195,265685.169943128
"N[16]",134423.226929155,8436.35878875046,154.065508620476,118896.580841266,134296.851143282,151884.49809608
"N[17]",243969.840477046,15265.1574707326,289.811898763214,216011.78069159,243693.31622285,275812.870552653
"N[18]",385607.63204289,24729.4472258199,371.24953127786,338387.729385576,384909.211232723,435802.323238959
"N[19]",235012.063324043,15331.3794420211,279.958759263284,206079.909080508,234448.782976374,266093.748629097
"N[20]",169873.682457655,10780.0996165053,188.551767053438,149882.514301864,169826.179276995,191758.531001681
"N[21]",259618.611429686,19651.7984483593,358.903805321746,225397.098513656,258661.65643458,301902.23198807
"N[22]",227021.231168819,17622.7500674983,321.852863264566,195072.362237975,226155.432621055,263745.595888003
"N[23]",249408.282118323,16995.5069579018,306.213446046581,218336.75994054,248990.338504146,285407.43483947
"N[24]",304751.935565901,17492.3239239975,312.901871674422,271963.996241648,304257.382969467,340416.404952303
"N[25]",147143.685255783,9108.96167556166,160.091209885125,130454.217611813,146667.518683486,165761.187017526
"N[26]",127450.400495007,8010.66336242434,146.224040735238,112599.57458689,127086.257146888,143781.379685081
"N[27]",138817.119982082,10076.3169479113,175.894180899081,119819.160109827,138505.501645406,159166.02916531
"N[28]",124481.8756754,7621.43322282594,139.109801068851,110551.508846625,124140.523098724,140259.612556338
"N[29]",128038.410159546,7350.96309721115,136.5663428186,114261.54494796,127719.7643756,143685.3022418
"N[30]",77409.0730745822,5727.67358058348,104.588876661038,67057.5680868984,77048.1750077896,89251.5375411978
"N[31]",69036.6816312151,6969.34277917429,127.270206047152,56198.9720483172,68478.4507291049,84294.7595435873
"N[32]",53554.1776077314,3594.48569197467,64.5618964996642,46800.2428182501,53378.4866951621,61002.5558969101
"N[33]",99390.4554904662,6140.03656649279,112.117406833253,87776.1666841873,99239.672229407,111627.62040659
"N[34]",237906.172441406,10886.948396352,198.694898611662,217840.912464112,237633.009549111,259291.284786828
"N[35]",107027.773851411,5445.29447201023,98.855011431692,96803.4408631215,106813.162456791,118515.664782557
"N[36]",81049.5225036489,3190.58937356433,58.248245972055,75094.0730107873,80972.8182960674,87283.1205632493
"N[37]",169205.277836133,9727.6588503867,177.587571859082,151340.934602312,168986.799227053,189308.90567227
"N[38]",202096.659034937,11821.480377679,206.504263035994,180447.627992027,201778.601273827,226292.428068206
"N[39]",161305.252782226,8929.41738334498,163.636432994976,144372.252859988,161013.210152225,178921.082963103
"N[40]",127780.208590576,9288.14202882066,172.813289081104,110714.018362379,127419.250339493,147414.641265718
"N[41]",108083.678416695,6063.24502938515,110.722325319011,96772.0371437144,107869.326354569,120311.215890466
"N.ya[1,1]",7647.12217750702,3009.40544166325,54.9199805062696,3034.93620343075,7260.33698390246,14579.6440747482
"N.ya[2,1]",3918.106060291,1852.23122958874,33.7497963121544,1203.881766325,3661.56469360951,8352.51636145727
"N.ya[3,1]",10549.5775514752,3749.7983335193,68.4784115815541,4542.23530260197,10112.9213039553,19167.9940416147
"N.ya[4,1]",5577.91891152912,3079.50477681483,56.2420948411721,1245.13388631696,4980.42593956309,12965.9749470113
"N.ya[5,1]",4514.96695951753,2477.46643551556,47.8171419937032,978.487665764045,4117.47988465377,10591.4334718589
"N.ya[6,1]",3035.29384205869,2005.9818183256,36.6293088496003,409.998035472865,2591.95637638988,7823.64227867403
"N.ya[7,1]",8204.95085783518,4070.3966089512,71.5602776635076,2426.12706980637,7465.98984977786,18301.4380949692
"N.ya[8,1]",15529.6180677888,6239.84171187727,114.500161837334,5552.23759938832,14712.9102042003,29651.0070491692
"N.ya[9,1]",6614.61805571341,3645.5915934288,69.7041282600579,1523.75722081838,5957.00469827578,15657.5379351386
"N.ya[10,1]",4769.2886483212,2662.02807829314,48.6140590097925,986.823398947707,4291.5115528137,11143.5912527715
"N.ya[11,1]",4773.75252676121,2647.30638314163,47.6671167218162,1127.26891499127,4256.49188141974,11071.4112711376
"N.ya[12,1]",4780.40715341334,2319.89904022479,44.3843439872141,1384.5155083317,4447.16556927431,10201.5616945589
"N.ya[13,1]",3443.9667242161,1868.6507494937,34.1243201169912,789.897895374894,3114.74249096216,7905.46054731074
"N.ya[14,1]",5393.19881764972,3606.45137662328,65.8487686991633,768.763526249102,4663.59238347531,14619.511881286
"N.ya[15,1]",3898.14022667096,2611.46662315324,45.961015081937,557.18572153012,3344.92796682343,10511.5292966306
"N.ya[16,1]",3772.65887908119,2028.90390275517,37.0425329160065,875.412835497112,3453.74017809526,8651.32758711271
"N.ya[17,1]",4445.94849392109,2863.23921797013,53.2202495227557,678.167694549349,3868.44959643968,11454.606181261
"N.ya[18,1]",12192.5580674425,5765.33571658945,108.241773994874,3509.14441266426,11289.941394083,25799.1766536213
"N.ya[19,1]",5559.70938530536,3020.28590406896,55.1978376726959,1268.39825634344,4993.51533268648,12608.3929233529
"N.ya[20,1]",7121.31651140097,3033.3527813573,52.4082740744669,2503.78605338736,6714.24186110497,14249.9505988617
"N.ya[21,1]",12860.4511490091,13144.5891865519,231.838272264596,487.046298748574,8774.59778637895,49351.0274832381
"N.ya[22,1]",13804.4324540031,12045.5869339588,219.954303081897,609.948844068117,10439.9441916503,45382.503645859
"N.ya[23,1]",10276.8617789336,9435.0723061471,169.117295858075,438.272317049697,7721.82962828763,34498.9006668755
"N.ya[24,1]",3014.09181005676,2076.93013832103,36.8238381795985,448.392460026072,2522.66549480274,8180.80965813682
"N.ya[25,1]",3777.83630920097,2033.55106245966,37.1345117527353,883.432771709718,3405.78754232578,8577.74748282163
"N.ya[26,1]",4372.804192495,2026.29346556121,36.9993628525225,1243.02304678892,4070.24653636434,9017.7329606566
"N.ya[27,1]",4041.47578099539,1958.41850989392,37.470098930203,1161.10698245177,3742.2592627752,8642.70268500154
"N.ya[28,1]",4300.47501984764,2035.74635890278,37.1715423686283,1267.03511737591,4019.36365565088,8789.44689419106
"N.ya[29,1]",5088.3606507738,2050.68741456031,36.7981736398526,1863.28760690098,4865.10116325154,9587.37811889036
"N.ya[30,1]",2382.97764854134,1158.33971290076,21.1363907475059,657.144039966906,2218.73402174721,5221.09481731252
"N.ya[31,1]",3770.90935376433,1418.09234084711,25.6622626620489,1510.08472504003,3587.11098535341,6981.44354005877
"N.ya[32,1]",3023.44984705813,1198.86726761265,21.4615175020099,1138.88536040218,2875.4439519317,5856.26568923899
"N.ya[33,1]",5249.89615687356,2069.08648176735,35.6287551945583,2056.54017516338,4986.24576065744,9759.17530740719
"N.ya[34,1]",4094.47938352163,2341.18521879515,42.7519141847371,935.997432908494,3629.39302712363,9709.09058718492
"N.ya[35,1]",3249.85353511132,1592.98953578774,28.5880383227015,916.542015117992,2946.78325272146,7064.25979097227
"N.ya[36,1]",6702.7333204379,2141.4630929191,38.2445610938696,3139.05731973789,6470.70103846829,11507.5823994533
"N.ya[37,1]",9717.64266286574,3566.68686139231,65.1228828269948,3900.55877482447,9319.38369612856,17967.1480404649
"N.ya[38,1]",11680.3923192344,4236.66815179474,75.5239528894757,4897.43738702075,11235.5801612883,21469.0698259216
"N.ya[39,1]",5467.76473237212,2419.92840230324,44.1619865629364,1770.74235529373,5119.87306490631,11215.2823645126
"N.ya[40,1]",4973.16275804819,2161.25912564234,39.4647977707098,1671.83807578431,4673.10124739428,9982.68701960534
"N.ya[41,1]",4794.57481053523,2087.85223688308,38.6703599180573,1536.90409152374,4521.67404206013,9584.02351426463
"N.ya[1,2]",100045.857612026,9119.93019538822,167.706594102392,82886.8324875663,99924.7349993558,118203.382072458
"N.ya[2,2]",81878.0115436702,8112.1443402695,141.039079896987,66889.8326555017,81578.1979003441,98970.2073829971
"N.ya[3,2]",111958.927701008,10744.3266063756,199.47982768678,91493.4854505473,111727.178205386,134580.923532447
"N.ya[4,2]",163260.378269836,14101.2120719904,257.493608605759,137368.69663441,162720.174850449,191536.334729026
"N.ya[5,2]",101907.153089321,12277.2315775724,214.767654775821,79591.8203752497,101601.9916786,127415.427198612
"N.ya[6,2]",92042.5939558719,9578.63285435156,171.664210092585,73429.3187668317,91886.5581930653,111444.430554948
"N.ya[7,2]",124984.865719944,16906.4537935532,308.355841530305,95201.3853926324,123960.318488925,160756.513326855
"N.ya[8,2]",163297.756081737,19365.8610106213,368.941132683052,127834.711722152,162312.954834847,202316.301769279
"N.ya[9,2]",190128.112135487,19034.9218212908,342.589860318396,154736.837008912,189350.279838274,228204.657726991
"N.ya[10,2]",86652.5875977382,11529.7814236786,210.390326434997,65414.0727974906,86152.4141397237,109901.749811414
"N.ya[11,2]",73375.5605838566,10555.6754363606,194.902202387469,54485.4202726108,72828.27037272,95108.068604977
"N.ya[12,2]",82070.8605168095,8663.79233613942,161.144396705334,66069.2358190386,81788.3315383793,100637.116055886
"N.ya[13,2]",56079.1066703877,7058.56162764347,126.990344942022,43169.2541832621,55787.2030563452,70843.5240964416
"N.ya[14,2]",242354.832762105,21541.396367154,382.784585507686,201057.275529053,241793.470017842,286371.114472078
"N.ya[15,2]",100822.652930997,12716.9758630457,232.245725817702,77424.3307857303,100331.805722158,126661.329328906
"N.ya[16,2]",63893.86272289,7321.55350988581,129.006715232479,50460.2521931138,63596.9788422196,79297.0562371469
"N.ya[17,2]",122280.025410604,13735.86966965,250.818141054013,96193.593410284,122178.05821658,149552.674391411
"N.ya[18,2]",151229.32058277,20980.5942507561,383.110202302178,112534.919877429,150213.389579285,194937.965245768
"N.ya[19,2]",133026.307632739,13904.1186397615,264.27944430315,107373.668416494,132806.66420409,161975.169285929
"N.ya[20,2]",78577.4600112332,9374.30004348033,171.158712687664,61178.1477180758,78433.2994071748,97741.4358404386
"N.ya[21,2]",163051.384285416,37600.4084526371,718.546387523557,85758.417907417,165938.275205321,229755.742736513
"N.ya[22,2]",112675.790941101,32643.7764866153,596.153844065085,50108.5788610143,113088.679198652,175985.725800591
"N.ya[23,2]",155295.019097404,30672.6867721311,550.12881009629,95115.1785618668,155798.003513822,215946.567496486
"N.ya[24,2]",136515.241344893,16074.0276583042,290.283631911853,106589.157700312,136239.137366004,169183.715201491
"N.ya[25,2]",25246.3503410436,5068.69165331868,91.397893161083,16297.5212230734,24918.192506554,35808.0557930588
"N.ya[26,2]",97230.2737341334,8039.36463670122,150.441878271952,82813.9894847572,96998.802349037,114104.839862497
"N.ya[27,2]",65174.9309273021,7861.9001165884,145.78710389547,50686.0559839845,64963.8893818735,81207.7305174562
"N.ya[28,2]",39937.1905120455,5837.28900301277,101.230980693053,29237.4150025481,39675.1896166088,52053.8900702702
"N.ya[29,2]",84615.2135749486,7480.06205807839,137.881403861405,70670.9010180806,84509.8396095509,99974.2688327049
"N.ya[30,2]",29364.0952310088,4011.09529982111,73.2414430524115,22068.3458781918,29159.2142632786,37802.7265869534
"N.ya[31,2]",39996.4210561975,5182.73300141405,94.6173409623917,30782.8771861461,39686.6485686819,51057.2537137307
"N.ya[32,2]",28050.808384464,3140.19301256689,55.3365806575937,22159.681892603,27991.3390199141,34411.0958848026
"N.ya[33,2]",78348.8537275448,6079.27807401426,110.775827194734,67161.5813214747,78281.1654897832,90385.4712258292
"N.ya[34,2]",153020.672632791,12454.5789763254,227.278419951692,128836.821148015,152543.090420526,178724.6182652
"N.ya[35,2]",34063.060752328,4914.49773749188,95.9886757008205,25270.8638744466,33853.4140463467,44543.4856145851
"N.ya[36,2]",48881.2842791695,4167.85205085241,76.1163912522049,40732.7245562715,48840.6466815282,57051.6278977065
"N.ya[37,2]",124830.748071113,9941.62183264607,181.523267987323,105800.347902796,124449.164773819,144952.408370034
"N.ya[38,2]",100793.108528693,11221.4935077953,200.189066290389,79438.7367308447,100558.367995185,123706.408571937
"N.ya[39,2]",105304.772699461,9243.4517548107,168.813377845408,87369.6989026871,105140.589793188,123567.093330152
"N.ya[40,2]",40700.053900682,6068.38890377975,113.943703639136,29757.3256662722,40404.4871998995,53443.8279922417
"N.ya[41,2]",63535.4627838965,6218.22114562208,104.446087019169,51837.8383631088,63316.4246916594,76519.9777863456
"N.ya[1,3]",46861.3448275896,7157.2842360587,128.720341606545,33431.094917644,46531.8253062806,61510.2742960291
"N.ya[2,3]",30685.1153892477,5222.13869444242,91.9133263651849,21269.2625950995,30488.3145304209,41746.3415532288
"N.ya[3,3]",58344.411641876,8298.49148804752,153.663704203397,43207.6251007317,58016.3912722521,75577.1913178914
"N.ya[4,3]",53626.5554178451,9067.52761848808,185.664741478168,36980.7106210854,53268.0595636891,71906.9481713446
"N.ya[5,3]",65000.2229106546,9935.51987663451,181.436174891802,47402.3375831893,64205.5264577527,86175.9354214973
"N.ya[6,3]",70200.1950048605,8832.74496569379,157.346132181118,54357.0014186718,69683.2232552845,88990.2052711164
"N.ya[7,3]",107801.036383926,15875.0996356109,289.892451334768,79290.0840192069,106747.033835434,141167.238997322
"N.ya[8,3]",119591.538733155,16778.1114366668,306.403684045674,89294.7412061129,118498.393233653,154560.034008179
"N.ya[9,3]",75782.5554668014,12929.1332611182,231.822027429512,52830.578184621,74953.7984186947,103544.91185838
"N.ya[10,3]",125045.548526151,13526.6893841695,228.981209072536,100352.228073758,124511.615314888,154250.991372184
"N.ya[11,3]",117233.451117841,13075.6236523828,238.728679961407,93616.5796628466,116692.226973412,144602.59377728
"N.ya[12,3]",52128.186516468,7202.42248483927,133.603999818285,38994.0214420562,51755.284367196,67176.8948428852
"N.ya[13,3]",60842.6289818821,6980.06643608649,127.415460087594,48237.2404713813,60585.7714709419,74986.827235996
"N.ya[14,3]",94368.5432578463,15127.9051580378,285.193440165442,66618.9776329856,93770.9696678657,125524.832660115
"N.ya[15,3]",129381.143725434,13787.5736303665,256.196908015907,103995.460354683,128816.015025264,157709.365183781
"N.ya[16,3]",66756.7053271835,7305.13792039925,134.559526616388,52972.5463109765,66566.1751945628,81103.0488562521
"N.ya[17,3]",117243.866572522,13655.6414695642,249.382268229427,91971.5364996837,117256.196730288,144041.21795851
"N.ya[18,3]",222185.753392678,23469.8441753821,395.44901548423,177713.853609529,221289.965478109,268563.321754165
"N.ya[19,3]",96426.0463059987,12553.2516020352,243.767288308715,73280.682160196,96104.3734825567,122527.348946723
"N.ya[20,3]",84174.9059350207,9313.60809500486,174.779421033574,66395.9437145487,83879.597445014,103912.630582329
"N.ya[21,3]",83706.7759952612,31587.9280115814,576.653065290912,34728.7359750072,79646.7858466237,156315.590678997
"N.ya[22,3]",100541.007773715,31125.5468553379,598.006312738903,46039.6782217661,98815.8225304093,165842.1056578
"N.ya[23,3]",83836.4012419859,28937.0967910004,528.317375159144,34655.54007055,81800.6192939014,146064.614486969
"N.ya[24,3]",165222.602410951,17702.8035974832,323.307039564544,131572.566493998,164577.791126845,200289.219847038
"N.ya[25,3]",118119.498605539,9149.04263701105,160.584606539299,101041.00100233,117887.560705038,136068.429349964
"N.ya[26,3]",25847.3225683791,4788.06737600525,86.1067253838117,17245.4601272704,25630.4647583216,36042.2016649885
"N.ya[27,3]",69600.7132737841,7978.3704054561,139.967870706451,54787.2020337906,69261.4282591114,86038.3386779351
"N.ya[28,3]",80244.2101435071,7415.4810972854,137.93067133644,66476.2450830208,80085.7479925572,95435.656135579
"N.ya[29,3]",38334.8359338238,5822.08350221328,106.311395163695,27658.0246427367,38093.9426005855,50282.1811699985
"N.ya[30,3]",45662.0001950321,4936.84498390339,87.8603041246677,36474.1834191111,45414.587025368,56030.139653105
"N.ya[31,3]",25269.3512212533,4051.85467051434,68.7242430948621,18023.216959171,25096.0494009665,33819.595750403
"N.ya[32,3]",22479.9193762092,2866.34729949926,52.1353817257099,17005.8695588747,22360.2054171716,28326.217064188
"N.ya[33,3]",15791.7056060478,3200.13981833432,57.4006503213642,10118.5146804,15538.3144256383,22573.8842022578
"N.ya[34,3]",80791.0204250933,11026.7750527673,199.810622371744,59536.5169244355,80313.4548061742,103836.914655313
"N.ya[35,3]",69714.8595639715,5749.59461274637,106.806985184957,58697.2727193963,69610.8157363686,81322.8997173833
"N.ya[36,3]",25465.5049040415,3580.75496003367,65.340462770927,18848.1674650925,25328.6040359673,32846.0843615697
"N.ya[37,3]",34656.8871021548,6297.71769265871,114.964949635896,23596.3774793572,34294.6492784489,48402.2115726986
"N.ya[38,3]",89623.1581870097,10557.4449831003,198.339947234273,70180.4898134582,89263.5034065233,111570.148259803
"N.ya[39,3]",50532.715350393,7434.84352353347,136.21595463133,36761.6024269397,50393.6029136728,65613.9943055945
"N.ya[40,3]",82106.9919318454,8428.27834779357,150.33329020947,66281.8204699296,81857.7471060538,99930.5105254084
"N.ya[41,3]",39753.6408222637,5292.77028052162,100.812220114808,30139.8350999339,39480.2028624168,50748.5783294405
"R[1]",138188.400208606,31581.7949148811,589.002062683864,85674.2602691415,135417.428008045,207684.284422056
"R[2]",138115.425768649,12972.3084342174,243.022704387628,115308.932035286,137247.04556387,165483.461919903
"R[3]",147869.545363053,12939.3392504061,227.987597798095,123596.135274906,147153.336283057,173853.668074558
"R[4]",169503.589179144,14885.930511644,271.719327105667,142042.636342679,169097.97377452,199882.149959886
"R[5]",238810.178731966,19458.78231542,355.380670524872,203627.914086677,237822.630309374,278973.78215734
"R[6]",177685.26700571,16749.5081257272,305.884248228429,146839.131783537,176964.596096356,213553.362049109
"R[7]",204358.597299316,20077.1288422547,369.248089250029,168155.00812444,203223.469847156,246199.737450235
"R[8]",247611.698295157,26029.0989183369,475.211180290114,200640.512479561,246450.142992475,302139.332346442
"R[9]",247285.262406374,25357.7123465544,487.793175188536,200325.38336148,246149.014696028,299949.139853242
"R[10]",330703.278729427,25762.9292395684,470.520321216164,282757.429057136,329703.869449304,383047.758103329
"R[11]",210500.656771292,18905.6354994255,345.036596556701,174542.95503254,209895.810261441,249669.814001042
"R[12]",130273.035748646,13893.1997756746,254.028948103389,104373.001729942,130118.538001251,159651.898264503
"R[13]",147687.242025453,11940.316428136,218.007479496084,125162.530952319,147452.726494921,173132.527740091
"R[14]",155228.057081647,17678.7451170545,334.653665779813,122326.526610015,154769.291064622,191237.674228309
"R[15]",375179.943211756,26912.9687202873,502.575420457094,324493.900464945,374450.324052608,430638.162720882
"R[16]",172972.55707583,16016.6977926934,304.905515556154,143768.20371336,172343.493396333,205071.345579065
"R[17]",185035.869522083,16460.3963680017,300.608246916878,153664.51701669,184795.472442183,218716.654234065
"R[18]",348238.437682363,28884.7356242348,536.248698668196,293995.061001728,347517.512441643,405123.600484829
"R[19]",252101.31538269,26394.7533944434,475.07401593159,203537.048602557,251233.511405716,306582.820248926
"R[20]",229393.771635202,18895.2737217563,340.123805297277,192980.554962008,228960.344434406,268450.57057057
"R[21]",167843.9453918,35257.3455314364,626.635561272009,109599.456737035,163925.592630149,246503.777015321
"R[22]",270713.708570532,58402.0066578764,1066.43627709665,153665.843058184,272664.746202126,383045.091596525
"R[23]",209372.643332096,58326.4423345638,1065.12845724761,100294.645703614,209852.840840458,325586.166676629
"R[24]",334322.053962358,41001.3448714333,735.243642888286,253103.950412485,333952.620414738,415436.919163519
"R[25]",264911.601729365,22385.4069238384,413.429210586999,224985.492837677,263581.031009644,312660.563620249
"R[26]",54107.7647194794,8187.98198960835,146.590118340968,39027.8331289624,53707.3860900373,71280.3778022644
"R[27]",170608.823317118,12305.3711676922,216.506520662231,147642.236940966,170273.818260806,195822.304977038
"R[28]",149791.945263304,11846.7258702847,211.776143308873,127461.086756765,149540.721100104,173789.696605385
"R[29]",82313.5022268647,9035.29886461745,164.946963784021,65386.4936755941,82146.4132216622,100761.295859661
"R[30]",134577.688789828,9821.81246483769,174.371719100549,115383.472142206,134715.071413807,154196.447021423
"R[31]",59721.8071030359,6674.71810022739,121.901604883788,47256.5854911867,59412.7378056026,73785.8435621018
"R[32]",64859.3180809481,6421.45091576595,117.157293672572,53141.213383334,64456.5914286077,78013.6515612075
"R[33]",47613.4233442762,5038.41901587103,93.8543329761926,38211.333432905,47463.3284989471,57850.1568887716
"R[34]",162163.323999696,12991.4275119606,238.296745326258,137276.1998784,161713.224378293,188848.00374861
"R[35]",227985.428353636,14137.2781569347,262.195268704421,200730.056086459,227543.165267738,256800.044673765
"R[36]",63623.0450398911,6978.08984330604,126.088889881052,50782.5476346844,63492.2129870277,78073.8848069889
"R[37]",86788.0249164357,8064.81683903668,147.224212147274,71896.0645799224,86554.5846935752,103292.479133339
"R[38]",221156.639578561,15234.3134021464,278.139590366025,191980.820816789,220818.216240961,252504.978937747
"R[39]",161043.466541951,14608.1983911464,266.740562129693,133252.476291171,160687.315342017,189099.380020615
"R[40]",199092.156950541,13786.3990241865,248.815170430095,172973.354489365,198584.681386966,228211.445603368
"R[41]",85921.4594553179,8970.52538450811,161.665118554396,68911.1263808219,85594.6508208413,104685.42955287
"R[42]",118602.216670311,21900.5729198024,399.861481408289,85134.7499773611,115369.974214288,170899.817622318
"R[43]",177847.392944659,103954.356480163,1897.28784658007,56650.3040122728,154350.769589524,437099.375700241
"S[1]",95343.1851867115,7656.85092658177,139.317359423826,81375.0904522275,95136.6246089731,111247.941503441
"S[2]",73457.8484753286,8544.2937732955,156.029194550747,58331.4872388139,73023.7996849986,91597.2424840145
"S[3]",92199.4660386612,7545.26024816039,137.7832884987,78443.8658948233,91987.9980918838,108275.436803745
"S[4]",109719.083246532,8869.6044377306,161.912128595419,93147.0095481381,109326.225450839,127961.964220266
"S[5]",139684.641705493,15893.9714313175,316.65062017398,111312.606608264,139153.253632246,172795.506263033
"S[6]",115900.629386185,9449.47985694964,172.525933037713,98704.0919887932,115519.334763817,135650.816348231
"S[7]",115094.167500247,22226.3838731979,405.862680202716,77913.9981264779,112649.590845641,164226.732342724
"S[8]",176833.514791648,20690.1632443406,380.83044761907,140358.712598401,175781.353194535,221704.72355399
"S[9]",171351.756049981,19664.9476734849,353.919188981963,135592.148221266,170687.784849272,212031.344362632
"S[10]",81166.6439265014,9407.32454574953,164.868902747837,64411.1312315077,80825.4834560356,100691.297750955
"S[11]",32864.8328366264,2590.22143161666,48.0376088115604,28175.5865302619,32774.4316548115,38271.4405880127
"S[12]",68204.8543641517,7949.03334760673,142.21469251799,54042.9665223353,67763.363443559,84812.0039177179
"S[13]",39935.741829645,4696.15369935159,85.7453830959344,31618.634495405,39619.6489263226,49997.8680543874
"S[14]",191310.935395091,15085.8148348897,270.669437772346,162741.584130493,191127.749115337,221749.891317987
"S[15]",82599.2564757532,6567.40598379111,108.211658455382,70833.2477873009,82417.672299634,96275.142300724
"S[16]",71033.8982755061,5662.8250412994,103.409375897254,60759.1901809117,70786.2229401886,82570.1791027765
"S[17]",131009.445128385,10449.2199288652,204.972526505947,111388.982781978,130625.291666082,152615.344328574
"S[18]",283951.080366291,22545.1833398212,418.813777851753,241618.438322239,282635.884115764,330995.749180078
"S[19]",107922.93024377,9279.92156187323,169.432766667416,90570.4742125222,107609.258261874,127121.721491091
"S[20]",99556.8508418309,8434.26006283201,148.723822280897,83720.9202293079,99143.2375551759,117176.003417858
"S[21]",161085.275043285,16987.1512989354,310.210675396328,130433.093225291,159968.290321829,196515.398718394
"S[22]",152379.208830634,16241.9675716622,313.958901864719,123471.786180881,151584.710505281,185922.162657614
"S[23]",134414.116484669,13133.6190628615,227.316096864554,110368.728222914,133790.640860092,162748.134251683
"S[24]",156968.709387027,9507.0519016079,169.643445845585,139301.646511586,156663.190000887,176180.478389905
"S[25]",67069.1249860351,4866.43994540831,88.8708013689116,58101.669469537,66876.1997371365,77131.2459911599
"S[26]",67105.9827581299,5262.01061987214,98.258329517894,57448.9779094883,66826.3422225911,77966.326194547
"S[27]",90703.9999719737,9098.30467754525,167.078216909226,74024.2645639899,90280.4603014226,109574.443235651
"S[28]",74397.0716004777,5754.2403175253,103.102891524081,63654.055973832,74174.9690871685,86571.9111213024
"S[29]",77434.048687219,5385.16828233397,100.511346089216,67343.7892433161,77286.9847475074,88356.7590169656
"S[30]",54080.9132847895,5285.08153297283,99.1184199387424,44554.4710919653,53820.886573715,65223.6950914395
"S[31]",53003.9863139104,6784.61831314562,123.910243658454,40950.3917769939,52500.9918234155,68001.5269651623
"S[32]",39081.5043980367,3344.73959292373,60.6586685159326,32904.7903409905,39011.2235148331,46015.8119502093
"S[33]",76714.5466271191,5737.43976588062,104.737177139313,65893.9385032325,76511.7120733484,88402.9262857991
"S[34]",154357.582440949,7210.93657280881,134.80486025029,140870.849078942,154403.232498092,169420.640949117
"S[35]",57834.770162789,2576.81805900136,47.0563172556035,53026.8892743033,57746.8561539335,63230.1161200032
"S[36]",65219.061877721,2841.9448260893,51.8750889019927,59766.9362098602,65178.94639828,70801.9505209182
"S[37]",114220.020462184,8174.10576298025,149.252481470211,99610.1650486434,113856.035820615,131369.475755155
"S[38]",127079.781485735,9119.66582346389,166.179400772646,110378.749389819,126768.649331915,145964.776883688
"S[39]",77896.5828121568,3594.62617882536,65.6433821906632,71163.0541226663,77838.4631581648,85317.7161213222
"S[40]",94136.2397435994,8764.88664216311,162.578849729352,78419.709006897,93584.1306066415,112490.569953715
"S[41]",71874.9378741826,4939.54106216589,90.2114019044443,62828.4053813376,71665.1691447037,81896.6461777326
"S.eq.c",288834.158266867,460107.173520469,8400.86346839394,164727.632889829,240618.309416886,637833.897735417
"S.eq.c2",288834.158266867,460107.173520469,8400.86346839394,164727.632889829,240618.309416886,637833.897735417
"S.max",242146.946844891,523207.097963926,9620.31979607556,108894.832800789,185726.31428101,570524.7798176
"S.msy.c",118554.114877048,199341.68257738,3639.69095008815,66193.3697616692,97799.6781210763,264129.896701485
"S.msy.c2",119005.210326097,200866.235408243,3667.53341684665,66403.7195804175,98200.7087105518,266019.30489021
"U.max.c2",0.721701289250037,0.0769513401068297,0.00135979078807979,0.549819107167223,0.727950753737429,0.85292293094882
"U.msy.c",0.531755104315108,0.0879869437396073,0.00155271276704303,0.354464796997706,0.532263332370254,0.70121110739463
"U.msy.c2",0.533082438067385,0.0868362993020746,0.00153025142676579,0.357832261331993,0.533753156166799,0.699241157367898
"alpha",3.11845971952535,0.884291059501937,0.0169498291479217,1.76388966127612,3.00231810426079,5.07688636908356
"beta",5.42583660852159e-06,1.93084481878358e-06,3.52541514179183e-08,1.75277241031845e-06,5.38426665048142e-06,9.18317416352177e-06
"lnalpha",1.10006393748253,0.27227193091685,0.0049631543104092,0.56752140371967,1.09938469150889,1.62469814990937
"lnalpha.c",1.31897877802171,0.291717063374065,0.00519330221398326,0.798105794959342,1.30177217687451,1.91679855041653
"log.qS.mr[1]",11.9219286009257,0.0684605838122075,0.00121108421546294,11.7869198740008,11.9210043110631,12.0603143972659
"log.qS.mr[2]",11.6576364709543,0.109852264346144,0.001944342575255,11.4378514136545,11.658593345707,11.8762159090173
"log.qS.mr[3]",11.8882904597143,0.0708265255839659,0.00129345445436093,11.749877619595,11.8866479603013,12.0275627054095
"log.qS.mr[4]",12.0623296987661,0.0684409134846544,0.00117080637885599,11.9248318427197,12.0621049529937,12.1949113231184
"log.qS.mr[5]",12.3006087621013,0.105915060244829,0.0019817978159649,12.0972932431925,12.3016632227088,12.5091232586705
"log.qS.mr[6]",12.1170875941004,0.069217965002104,0.00126383724010609,11.981844752821,12.1175258754311,12.2525093441006
"log.qS.mr[7]",12.0951094536981,0.186450119965619,0.00345963279447383,11.7377201533408,12.0916599898965,12.4614356219449
"log.qS.mr[8]",12.5360887631019,0.109021826499735,0.00196687553495478,12.3269674340494,12.5348490327402,12.7563218130852
"log.qS.mr[9]",12.5048078651967,0.107082361124613,0.00192010032215138,12.2935648520049,12.5050880918656,12.7081160287592
"log.qS.mr[10]",11.7574709584764,0.107531717044412,0.00192966643609363,11.5442672821,11.759050498637,11.9624021665658
"log.qS.mr[11]",10.8569652133683,0.0676517921200984,0.00126029585265768,10.7247423444487,10.8562721308959,10.9890685790266
"log.qS.mr[12]",11.5834664197674,0.106919568867482,0.00195227486826243,11.3756431794607,11.5821358179124,11.7895636105429
"log.qS.mr[13]",11.0480774408826,0.109722987706389,0.0020418920290446,10.8399064676457,11.0464918565967,11.2690538504307
"log.qS.mr[14]",12.618447264348,0.0677416739761081,0.00123699046743327,12.4840035060819,12.6210608718607,12.7472984045664
"log.qS.mr[15]",11.7784988698414,0.0688254235205581,0.0012298800019493,11.6447115403242,11.7783324061621,11.9117554707379
"log.qS.mr[16]",11.627655556907,0.0687585888222809,0.00125541374261248,11.4889346555366,11.626415913257,11.7661275646569
"log.qS.mr[17]",12.2397505523713,0.0677577092650632,0.00126818994223091,12.1084379628852,12.2392971712029,12.3700010201969
"log.qS.mr[18]",13.0133181916036,0.0679850780027047,0.00123550849746714,12.8759482100856,13.0144120517491,13.1439882772125
"log.qS.mr[19]",12.0453963134312,0.0745489863478092,0.00131903751843795,11.8971285333685,12.0449249200385,12.198158424265
"log.qS.mr[20]",11.9648134897892,0.0736037773477766,0.00129722977218024,11.8174784834284,11.9624986997769,12.110005125333
"log.qS.mr[21]",12.4440806691426,0.097886138067175,0.00178741491717534,12.2557633454702,12.4437430434758,12.6319671345064
"log.qS.mr[22]",12.3883851000192,0.0978214178968654,0.0017865476729905,12.2025177411543,12.3872955481149,12.5799704051173
"log.qS.mr[23]",12.2638323595808,0.08892915953335,0.00152654405048354,12.0897571756441,12.2639287958478,12.4335567669489
"log.qS.mr[24]",12.4218734416215,0.0455566834652837,0.000831755302060255,12.3321191395168,12.4216308859925,12.5097978072326
"log.qS.mr[25]",11.5707595917383,0.0594171695740211,0.00110332397937424,11.4595741941777,11.571148645082,11.6867335622369
"log.qS.mr[26]",11.5708730831331,0.0659765490230105,0.00117097601789141,11.4413789495406,11.5702905705068,11.6974996119007
"log.qS.mr[27]",11.8702467691547,0.0910213027459218,0.0016619575236117,11.6944911066201,11.8705001634455,12.0526380608781
"log.qS.mr[28]",11.6740989428034,0.0654234372346711,0.00124059351556864,11.5465474752391,11.6746055022233,11.8045926053493
"log.qS.mr[29]",11.7146662866054,0.0561597118026444,0.000993925730942031,11.6036293305415,11.7155690471554,11.8214425449659
"log.qS.mr[30]",11.3533954764599,0.0884331798224651,0.00161487884763605,11.1795882227523,11.3526203050096,11.5264876070874
"log.qS.mr[31]",11.3299318927046,0.121511185536975,0.00229929308446777,11.0901775639471,11.3295303112634,11.5738220101418
"log.qS.mr[32]",11.0296455191917,0.0741042527994904,0.00131648309726589,10.8809591315922,11.0308439588174,11.1746681806164
"log.qS.mr[33]",11.7049562514001,0.0752837094141709,0.00134451571436153,11.5594604771507,11.7058133042505,11.8507387051154
"log.qS.mr[34]",12.4058413188329,0.0588123629808094,0.00109190914906007,12.2893850955051,12.4070586932843,12.5208131747069
"log.qS.mr[35]",11.4242602562402,0.0538864261396646,0.000987315797051666,11.3175885548546,11.4241936403119,11.5345149241332
"log.qS.mr[36]",11.5444601949384,0.0510046231090444,0.000887164948882857,11.4470468496546,11.5444947066715,11.6423951178247
"log.qS.mr[37]",12.1032377178132,0.0718312977602853,0.00131170927186295,11.9677386629365,12.1023146253243,12.2507690323217
"log.qS.mr[38]",12.209908073262,0.0726132298655557,0.00139447097869307,12.0717103159072,12.208474337731,12.3536319100835
"log.qS.mr[39]",11.7219783102184,0.0580043422914338,0.00104243956094446,11.6079377868928,11.7229313218638,11.8311528911133
"log.qS.mr[40]",11.9080920372424,0.08744791507241,0.00159672108220061,11.7361597577114,11.9083260408702,12.0797261251814
"log.qS.mr[41]",11.6402358412155,0.0670356432151777,0.00120619798219947,11.5110415757042,11.6390862284987,11.7704762701059
"log.qS.weir[1]",11.1507016111957,0.0489865839326142,0.000894663057892601,11.0550881572482,11.1512977601603,11.2443239292228
"log.qS.weir[2]",10.8864094812243,0.0976539670328076,0.00172149739406674,10.6963883343024,10.8866972773111,11.0738761701957
"log.qS.weir[3]",11.1170634699843,0.051084487456501,0.000947368059085734,11.0173554324979,11.1172833443269,11.2178730854112
"log.qS.weir[4]",11.2911027090361,0.0496698381046243,0.000854704202044526,11.1941826046117,11.2900948133108,11.388832907296
"log.qS.weir[5]",11.5293817723713,0.095316433670251,0.00174079280416745,11.3422798156583,11.5292321474822,11.7168265549527
"log.qS.weir[6]",11.3458606043704,0.0501894021639624,0.000916401525070555,11.2492512066351,11.3448525547344,11.4435789440561
"log.qS.weir[7]",11.3238824639681,0.181940099234153,0.00339677343014523,10.9633529653323,11.3245310084793,11.6809213466903
"log.qS.weir[8]",11.7648617733719,0.0986660988428221,0.00181316428507359,11.5766804048753,11.7637666230324,11.9589129135528
"log.qS.weir[9]",11.7335808754667,0.0970408818987261,0.00177195969646548,11.5432406028981,11.7355700502162,11.9182580498132
"log.qS.weir[10]",10.9862439687464,0.0970804087923196,0.00177253868480278,10.792001186294,10.9894308770027,11.1732382996785
"log.qS.weir[11]",10.0857382236383,0.0489058027874488,0.000892984878103113,9.98859819426654,10.0853047731074,10.1830952380984
"log.qS.weir[12]",10.8122394300374,0.0955581148025618,0.00187661873830627,10.6273959423276,10.8118771976035,11.0053936968242
"log.qS.weir[13]",10.2768504511526,0.0988167930776152,0.00183440386988902,10.0899365691276,10.2767244622724,10.4809650684159
"log.qS.weir[14]",11.847220274618,0.0512579317492255,0.000936027127316432,11.7453524246759,11.8478738126993,11.9420923535214
"log.qS.weir[15]",11.0072718801114,0.0491987658032518,0.000793254254522161,10.9085229779451,11.007296565605,11.1070966910642
"log.qS.weir[16]",10.856428567177,0.0497441052968817,0.00090801935292517,10.760626682697,10.8571334711719,10.9540191836841
"log.qS.weir[17]",11.4685235626413,0.0495155824594321,0.000967676954342322,11.372763084052,11.4688993854823,11.5636703786667
"log.qS.weir[18]",12.2420912018736,0.0493743411565378,0.000882504303243549,12.1453059716678,12.2413293357317,12.3360992091184
"log.qS.weir[19]",11.2741693237012,0.0744660287757299,0.00134098906621669,11.1238101978772,11.2740601307804,11.4220277714635
"log.qS.weir[20]",11.1935865000592,0.0748987850108988,0.00131199370031016,11.049025065894,11.1919201454006,11.3421589777273
"log.qS.weir[21]",11.6728536794126,0.108028071009004,0.0019004537337779,11.4611092431054,11.6705728181947,11.8779780814065
"log.qS.weir[22]",11.6171581102892,0.109730707674479,0.00209385264869726,11.4008416537125,11.615727219889,11.8282394624638
"log.qS.weir[23]",11.4926053698508,0.101065554079892,0.00184549649059723,11.2950581278596,11.492379057185,11.6871926901913
"log.qS.weir[24]",11.6506464518915,0.0582698794125987,0.00104254462133399,11.5355237698189,11.649785449969,11.7639961263647
"log.qS.weir[25]",10.7995326020083,0.0463852163220642,0.000832412151984928,10.709424240577,10.7997227197887,10.8926454533071
"log.qS.weir[26]",10.799646093403,0.0779999572245244,0.00149655812975746,10.6431099713271,10.7993560496128,10.9526009337364
"log.qS.weir[27]",11.0990197794247,0.0860439344400494,0.00157109547992936,10.9322877163684,11.1001047079469,11.2672135521824
"log.qS.weir[28]",10.9028719530733,0.0772416302373577,0.0014200002267718,10.7472873439819,10.9045530313155,11.050637124566
"log.qS.weir[29]",10.9434392968754,0.0705703163525094,0.00126221617888919,10.805221217003,10.9437235758487,11.080561372674
"log.qS.weir[30]",10.5821684867299,0.0948602110103782,0.00166743647897311,10.3981478330522,10.5814539104052,10.7708885105373
"log.qS.weir[31]",10.5587049029746,0.12388987614541,0.00226264371338467,10.3164099967835,10.5589862027028,10.8003918678455
"log.qS.weir[32]",10.2584185294617,0.0743392646524239,0.0013790294210156,10.1128683276628,10.2585101910389,10.4059038029895
"log.qS.weir[33]",10.9337292616701,0.0887597063085653,0.00162091893599448,10.7580464689806,10.9338989144377,11.1082725693295
"log.qS.weir[34]",11.6346143291029,0.0748451283322328,0.00139231521874449,11.4901239667736,11.6350932591342,11.7792721880677
"log.qS.weir[35]",10.6530332665101,0.071805452957286,0.00128923448239731,10.5169730409132,10.6526385682091,10.792061530734
"log.qS.weir[36]",10.7732332052084,0.0698741908557576,0.00120885977127669,10.6346773073943,10.775400834327,10.9111208907104
"log.qS.weir[37]",11.3320107280831,0.085543601479134,0.00155705781308003,11.1699148002875,11.3306550205198,11.5031149792438
"log.qS.weir[38]",11.438681083532,0.08687573536012,0.00160118839010674,11.2702573283458,11.4375993587779,11.6097455457568
"log.qS.weir[39]",10.9507513204884,0.0737912284243752,0.00129298905825423,10.8010423059853,10.9481415025558,11.0993541629454
"log.qS.weir[40]",11.1368650475124,0.0989884033522858,0.00183801468695939,10.9437710922337,11.1358064349982,11.3302146189445
"log.qS.weir[41]",10.8690088514855,0.0820181896589872,0.00149313661163451,10.7058927137253,10.8707439130876,11.0322122336756
"log.resid[7]",0.176371965974687,0.209003973727633,0.00388934469732563,-0.246423733492386,0.174651857105947,0.587951595029342
"log.resid[8]",0.513203261324243,0.226699726005171,0.00413997598427533,0.0665526040771511,0.514923720319722,0.958440285781418
"log.resid[9]",0.383079461093412,0.212049759589914,0.00399687816204556,-0.0348334094264662,0.389277411532362,0.799160123946685
"log.resid[10]",0.596772471319563,0.201845354612449,0.0036920145669671,0.184441618607207,0.599285193566989,0.969113635416905
"log.resid[11]",0.06820302042155,0.222907690108226,0.00418711589391546,-0.374252856966142,0.0710671292738461,0.50879815961826
"log.resid[12]",-0.358932862556594,0.213666374384349,0.00399557198160301,-0.784723948562992,-0.352514093377772,0.0652676357415066
"log.resid[13]",-0.212450845279522,0.220096190340349,0.00415400088534284,-0.658619324185276,-0.210602470973726,0.207948092451402
"log.resid[14]",-0.272170695040388,0.263034556270697,0.00480354480960603,-0.791798565205976,-0.269754979217408,0.21773782364505
"log.resid[15]",0.61156302619372,0.241436932395429,0.00456828339641488,0.107207751940749,0.615671650584376,1.07359443996588
"log.resid[16]",0.098044194603752,0.222213545625108,0.00405760780975713,-0.331143019199321,0.0944935744051918,0.550616666733868
"log.resid[17]",0.804916942372087,0.245530281637415,0.00450679794550425,0.326349825681409,0.804626213634775,1.27635544575338
"log.resid[18]",0.902599834135293,0.220686073747688,0.00409574898976579,0.484312439366025,0.8978838336865,1.35348951424437
"log.resid[19]",0.959406214600552,0.248201226913711,0.00454826192972049,0.483785375622077,0.96192966840561,1.43686823560451
"log.resid[20]",0.11588970136491,0.263475856314154,0.004811940267807,-0.391439972286623,0.115479178194781,0.629653783899089
"log.resid[21]",0.0370520060136996,0.287231833427932,0.00518788610099759,-0.506445534268501,0.0284042777383959,0.608241447290843
"log.resid[22]",0.599516905607209,0.300737480221717,0.00549209425992864,-0.0407772100638019,0.621030230554937,1.12886344055766
"log.resid[23]",0.0384948647297027,0.364066019467962,0.00681632543662809,-0.76203196435954,0.0695713769645749,0.664422401017707
"log.resid[24]",0.593316658625203,0.39815468481159,0.0072710764372057,-0.196843084412067,0.597527891181155,1.3790904791967
"log.resid[25]",0.381707919853935,0.212721971531731,0.00389390812443653,-0.0414487737767622,0.387059987762387,0.777663830538835
"log.resid[26]",-1.17819023007479,0.241768205042601,0.00453611705455295,-1.64316305205649,-1.17375983658515,-0.728026347719317
"log.resid[27]",-0.166389568693267,0.232214886612694,0.00433497104166639,-0.641970713792366,-0.159000584620991,0.284701765096589
"log.resid[28]",-0.289572371431153,0.226542765014608,0.0042950385353118,-0.741320057765195,-0.283755757462854,0.156969654181861
"log.resid[29]",-0.863113966624788,0.230000421148537,0.00420031892896072,-1.31586705692747,-0.862533591777427,-0.41555034455792
"log.resid[30]",-0.404938218721781,0.225963334973896,0.00420492064760678,-0.856678281580699,-0.398931115850567,0.014005269398894
"log.resid[31]",-0.857006615407631,0.223913046845965,0.00418033601769251,-1.3080663225134,-0.857653761343874,-0.42763200517468
"log.resid[32]",-0.772402851652647,0.226387017986244,0.00398597685796571,-1.20925643015045,-0.772981417968783,-0.329805354402713
"log.resid[33]",-1.25355497872834,0.219432313655617,0.00412759026922022,-1.69272135206839,-1.25611712885915,-0.813952144885586
"log.resid[34]",0.0815764321855954,0.213853774300542,0.00390509933480514,-0.348185673988791,0.0795896351074363,0.503962191409173
"log.resid[35]",0.399633129009175,0.209269843895253,0.00381175901673995,-0.0187439570768367,0.399706823970623,0.794309819685814
"log.resid[36]",-0.645583883989449,0.247798835603029,0.00451597421741089,-1.13056982866408,-0.64654815921237,-0.161032754197301
"log.resid[37]",-0.31580632441111,0.242770991388441,0.00450896437972738,-0.799060589736562,-0.318957764678894,0.160792942163137
"log.resid[38]",0.845917374499526,0.239228828668955,0.00436686100744308,0.393685288111351,0.846456521892556,1.30631200628657
"log.resid[39]",0.0567149277061803,0.218339422854462,0.00398617221139822,-0.374381580595039,0.0568007434250628,0.485689129000357
"log.resid[40]",-0.00986068823234039,0.223075226500746,0.00412105424111306,-0.456504255921281,-0.0036935154296085,0.42153841069708
"log.resid[41]",-0.395181055432837,0.233848145998994,0.00435164748619015,-0.849788319516853,-0.393231277165377,0.0642908235343385
"log.resid[42]",-0.163571103697332,0.262786528523011,0.00479909507588411,-0.678199804899837,-0.163482336210308,0.35891146643809
"log.resid[43]",-0.173261301370035,0.532714304103554,0.00934100817269659,-1.18682233411145,-0.176926299827652,0.893061878171438
"log.resid.0",0.0722290520124303,0.591055205751572,0.0107921196530741,-1.13775137853311,0.071415024796038,1.24789186822599
"mean.log.RO",12.0085968717001,0.140794091912234,0.00257126733167616,11.7198830780199,12.0130476402624,12.2809522885714
"mu.Hbelow[1]",0.383175262737284,0.030306222080546,0.000553454398401353,0.324608723338567,0.382790252979214,0.444229974185737
"mu.Hbelow[2]",0.370510000916602,0.0362073760978936,0.000651353963462875,0.302829476908505,0.369522591760057,0.444697155575502
"mu.Hbelow[3]",0.489854265916036,0.032518654201681,0.000609296669506272,0.425479012676902,0.490570625011164,0.552509776478648
"mu.Hbelow[4]",0.506351108325344,0.0317461269712089,0.000579716162283754,0.444205662133516,0.506565880032417,0.567644797255741
"mu.Hbelow[5]",0.186452689579445,0.0230840755466448,0.000453075866416764,0.145245237280609,0.185263172227446,0.23506371689777
"mu.Hbelow[6]",0.299089361562844,0.0266676416173135,0.000486770514570239,0.248229861528542,0.298221560969193,0.353840068237666
"mu.Hbelow[7]",0.525469289972422,0.054155472766427,0.00101356432006846,0.418537678844593,0.524942356973758,0.631362987085247
"mu.Hbelow[8]",0.408432655993895,0.0367908619073435,0.000671690804838179,0.337006602630972,0.407599232443989,0.483297756065395
"mu.Hbelow[9]",0.372307075934838,0.0363413392204422,0.000644654905977759,0.304284799866083,0.370508943282934,0.444476704223269
"mu.Hbelow[10]",0.62477888184891,0.0359906552982244,0.000618312322785327,0.554122466570719,0.625390835488652,0.692966179394909
"mu.Hbelow[11]",0.830892043310506,0.0173107020334549,0.00031609712444702,0.794201887250447,0.831455559697332,0.862724671787584
"mu.Hbelow[12]",0.509693345589309,0.0383353253517466,0.000724750263497963,0.432712514428128,0.509913811927216,0.582978514201545
"mu.Hbelow[13]",0.667752080521576,0.0346493622241897,0.000646060875014005,0.597885650095915,0.668352895093462,0.73235311087296
"mu.Hbelow[14]",0.440623106863035,0.0307192412319954,0.000550074403396563,0.379151435226403,0.440252372966249,0.501416545157078
"mu.Hbelow[15]",0.64633673912577,0.0284502787383988,0.000476200029658842,0.588193312073105,0.646784145712573,0.70152583996148
"mu.Hbelow[16]",0.471230434164642,0.0319181312788769,0.000582898415775149,0.408620178883588,0.470905658779354,0.535362525616734
"mu.Hbelow[17]",0.46277445871553,0.0308963186160577,0.000554519101156073,0.402897293572732,0.462830000697555,0.524542180215776
"mu.Hbelow[18]",0.26403049142434,0.0241614830505851,0.000441024101140689,0.21825133819581,0.263264482827888,0.313970598307643
"mu.Hbelow[19]",0.540348519324529,0.0324005972985804,0.000629822052793965,0.476232662454135,0.54059794249323,0.601427745796917
"mu.Hbelow[20]",0.41395715752819,0.0323183490575178,0.000562640408539135,0.351169878586454,0.413816723116597,0.478844056973844
"mu.Hbelow[21]",0.38024777160282,0.0339420725986738,0.000602030331924173,0.314593370693069,0.379960774653576,0.447718350874603
"mu.Hbelow[22]",0.329788259038402,0.0321710868401651,0.00062171254480309,0.268883995896277,0.329454840150688,0.393412576161217
"mu.Hbelow[23]",0.461216224851738,0.0352366009024854,0.000643333214244195,0.395817349986505,0.460500522638018,0.531017673610761
"mu.Hbelow[24]",0.484235962386624,0.028530779009389,0.000530209255018151,0.42751370298206,0.484891925786502,0.540382631811285
"mu.Hbelow[25]",0.543488457174655,0.0306272280198731,0.00058532879735233,0.481331529458268,0.544440964573474,0.600894057506432
"mu.Hbelow[26]",0.473133204231488,0.0310744418558973,0.000557864180383385,0.410616337309269,0.472890116612414,0.531494183528722
"mu.Hbelow[27]",0.347352236878173,0.0320971394858284,0.000586133252335097,0.285362012392255,0.346886777870031,0.41151357804997
"mu.Hbelow[28]",0.402297227507511,0.0290963482344553,0.000531378713267221,0.344527392873274,0.401045026408717,0.459539501387178
"mu.Hbelow[29]",0.395032506386462,0.0283474136277197,0.000518532865984586,0.338886533442293,0.394646830076681,0.452186517862434
"mu.Hbelow[30]",0.302155946323146,0.0293246062988072,0.00054885826641578,0.246413937745348,0.301481767351308,0.362659146496473
"mu.Hbelow[31]",0.234045175603436,0.0284380166369928,0.000510642525613032,0.181167503992516,0.233000439221665,0.293038075610032
"mu.Hbelow[32]",0.270790694716554,0.0264685209996204,0.00048334005216534,0.22228197370412,0.270253374296317,0.323883216473872
"mu.Hbelow[33]",0.228523085401788,0.0218574783324863,0.000397911209441106,0.18805141897651,0.227890860044868,0.271581847617473
"mu.Hbelow[34]",0.350726873387616,0.0250264939104513,0.000434353324174715,0.303304247958967,0.350401606734113,0.400334946575516
"mu.Hbelow[35]",0.458775046774668,0.0273123380326784,0.000498456385726422,0.40749557566436,0.459217827415483,0.512807696952165
"mu.Hbelow[36]",0.195276994025705,0.0171029119145415,0.000311946781216318,0.16335776465478,0.194896736562933,0.231010217071108
"mu.Hbelow[37]",0.325017500199697,0.0272523563468228,0.000497441684830513,0.273394973670683,0.324396075739254,0.378731958993379
"mu.Hbelow[38]",0.371096861799447,0.0282150101801331,0.000514793482605108,0.317077722814524,0.370548774926967,0.429221503806248
"mu.Hbelow[39]",0.516105835595805,0.0270201582230741,0.000495702088087434,0.461426956048835,0.516706129989085,0.568041277544067
"mu.Hbelow[40]",0.264031820696195,0.0270576257896243,0.000510023713408647,0.214423217968783,0.263482875764441,0.317865092660976
"mu.Hbelow[41]",0.334968713047016,0.0271208661519373,0.000496437584080289,0.283449689113318,0.334692449931137,0.390229924668588
"p[1,1]",0.0502685016288809,0.0428554284037328,0.000782599243578384,0.00261236029559408,0.0394345481506874,0.157909441800914
"p[2,1]",0.0514723709460306,0.0435461667758055,0.000773284775919316,0.00305541896698119,0.0401687813955327,0.165256431753928
"p[3,1]",0.0516184615231104,0.019473236861998,0.00035548543004006,0.0210908475477678,0.0494383843339354,0.0957602124374366
"p[4,1]",0.0231155339578998,0.0107148669829515,0.000195291277744267,0.00710519121403575,0.0213849354612279,0.048056763621837
"p[5,1]",0.0441478275095191,0.0151757340729922,0.000277137673396533,0.0194975127244142,0.0424701624291542,0.0771577076522653
"p[6,1]",0.0313104962586594,0.0167397800192606,0.000305725243276434,0.00721202899410031,0.0284213773247982,0.0719650350280287
"p[7,1]",0.0220821881817391,0.0118481082385303,0.000229533232653232,0.00490842155368525,0.0200470090229844,0.0505221774757236
"p[8,1]",0.0122880912949409,0.00806286624892738,0.000151600047114148,0.0016602620747637,0.0105768539891132,0.0319595969829446
"p[9,1]",0.0332000341197616,0.0160660771830596,0.000288755970503951,0.00963660842494207,0.0303829909515263,0.0706876306579953
"p[10,1]",0.0468117690101853,0.0180168290039529,0.000331086250425649,0.017294895602662,0.0444202783764423,0.0874593760025728
"p[11,1]",0.0313068063603996,0.0166601645001556,0.000308425694201482,0.00741428950449556,0.0285062263015325,0.0715711371338699
"p[12,1]",0.0364962187367543,0.019644690173175,0.000364888719836412,0.00796054253932823,0.0330937219618169,0.0840198120999033
"p[13,1]",0.0321795140321588,0.017303408788714,0.000312726711358445,0.00780014414656955,0.0288571352356125,0.073843285996634
"p[14,1]",0.0308948154955134,0.0146792339458464,0.000276546096046664,0.00921417997190114,0.0286608267664087,0.065291932879826
"p[15,1]",0.00919215579613928,0.00497273076233202,9.08094759098275e-05,0.00215146176846302,0.0083446140480466,0.0212455301102879
"p[16,1]",0.0308831615856269,0.0196663280268031,0.000359053327315917,0.0046697026489653,0.0270976375335271,0.0797044766241597
"p[17,1]",0.0210001913978623,0.0137679765363426,0.000242050056970827,0.00313639995731052,0.0183337175857148,0.0553008541067952
"p[18,1]",0.010854356446058,0.0057953083915891,0.000105806287715899,0.00250422412679288,0.00991988513978905,0.0245085364366163
"p[19,1]",0.017645513930693,0.0111376092963429,0.000198082866273722,0.0026972955895246,0.0153920535345771,0.0451069554450575
"p[20,1]",0.0527337604362995,0.0234255486199951,0.000433862129179323,0.0161208218376582,0.0496472993551143,0.106730533291307
"p[21,1]",0.0338455073284094,0.0183531923182773,0.000328720544724934,0.00780461282571826,0.0305293263072107,0.0776604822168314
"p[22,1]",0.0275133389869844,0.013421719080415,0.0002451175326143,0.00893573076453932,0.024900227933929,0.0593318123311697
"p[23,1]",0.0579056719842624,0.0483034258860597,0.000850389364824351,0.00276275939653769,0.0454722764290795,0.18291728186338
"p[24,1]",0.0401205359079506,0.0323487595889636,0.000590719422050109,0.00198337820696106,0.0320268310091931,0.122389191827753
"p[25,1]",0.0376049902949308,0.0317676917431444,0.000566885113548062,0.00175431679208985,0.0295108476620858,0.118342514932949
"p[26,1]",0.0548365518148814,0.0345672053585038,0.000649794857733102,0.00869079005003801,0.0475764202292629,0.137900246163273
"p[27,1]",0.0220756320909914,0.0115950434273982,0.000211739477492831,0.00533669147591008,0.0199807083906222,0.0488919224112751
"p[28,1]",0.0291439920306801,0.0131451938654013,0.000240021454713192,0.00861305768986463,0.027297127517882,0.0585594217035078
"p[29,1]",0.048980518271304,0.0225968993859025,0.000416587802183869,0.0146389780463215,0.0459623462909022,0.101319105644864
"p[30,1]",0.0318354066475118,0.0145841827844987,0.000266298049802112,0.00980028099183445,0.0301003072149315,0.0640418641423917
"p[31,1]",0.0846806516488201,0.0312647644672546,0.000570555142040116,0.0338968842154756,0.0819623698942721,0.154431319724668
"p[32,1]",0.0366362601571173,0.0170454798572183,0.000311013808635198,0.0106205718368244,0.034591736799699,0.0767942545722421
"p[33,1]",0.0789823939288938,0.0277375346561262,0.000501176723228641,0.0330842592427832,0.0760741713626074,0.139865774668083
"p[34,1]",0.0186929445114784,0.00738812164842899,0.000129925468038949,0.00722226618507559,0.0178245752774667,0.0356212499285452
"p[35,1]",0.0230258373136821,0.00890926211570372,0.000154427214143384,0.00897841141950385,0.0219056424671219,0.0424787748652997
"p[36,1]",0.0634612279646259,0.0331091968728389,0.000604610078092843,0.0160633414525123,0.0582307991935388,0.144142885541273
"p[37,1]",0.0373962099271801,0.0177727104485258,0.000319319517610038,0.0106961966082915,0.0345221819550057,0.078315216862696
"p[38,1]",0.0303331156541071,0.00953654110206278,0.000170303850887618,0.014446866274552,0.0295292132054695,0.0517111448155224
"p[39,1]",0.0602643570393249,0.0211605891794627,0.000386361212785029,0.025286111563594,0.0582779348975535,0.109240507689758
"p[40,1]",0.0584190305985502,0.0199572754025424,0.000370563498813662,0.0255085092555519,0.0566012571055887,0.104621629526122
"p[41,1]",0.0634059416018444,0.0265585230223446,0.000484678697873694,0.0215351944063913,0.0597414550542958,0.123071721197073
"p[42,1]",0.0427602451540067,0.0189885323457868,0.000346711414153814,0.0139441684219428,0.0396780668329725,0.0886214593166852
"p[43,1]",0.033761145034587,0.0210825595566771,0.000384681871517252,0.00723647414170895,0.0291853347196746,0.0855913031830106
"p[1,2]",0.597456961717055,0.0817008414765404,0.00151766190118179,0.422947289618984,0.60153422795169,0.745816733384814
"p[2,2]",0.725986417505042,0.0459610685753186,0.000812750511692516,0.624010849619249,0.728703626119612,0.808166874708584
"p[3,2]",0.554438917442189,0.0381667793235977,0.000690394573427338,0.480473986044431,0.553705075566913,0.628397252661849
"p[4,2]",0.661253522867913,0.040362634293905,0.000736920450004481,0.582569195731099,0.661297487848005,0.740442297108134
"p[5,2]",0.684134495589173,0.0323610714375325,0.000590812149318968,0.61876171833815,0.685036348636486,0.74501523427436
"p[6,2]",0.573181508780753,0.0380446798259057,0.000680988025907292,0.496981491917766,0.57307065002817,0.646994738525208
"p[7,2]",0.451915280603027,0.0403902092110788,0.000691314883073509,0.372082334808842,0.450940811157039,0.532135691811748
"p[8,2]",0.504851951676175,0.0434767886047628,0.000793068434454481,0.422043222437026,0.50449192477262,0.591819056768776
"p[9,2]",0.660497164578158,0.0416633472833138,0.000693823246924378,0.577572255090107,0.662135822286352,0.739846417485736
"p[10,2]",0.574736958263675,0.0331055984549067,0.000585014533863773,0.509408106148178,0.575354948344466,0.638408768136328
"p[11,2]",0.411547287502666,0.0391571435497277,0.000714916424860645,0.332219539029046,0.410947104090484,0.487223049174093
"p[12,2]",0.562479894858238,0.0450972615958712,0.000836621748224029,0.473948424958701,0.563244016717293,0.646840980750397
"p[13,2]",0.555657275668609,0.0367489747011244,0.000693656736516737,0.485163140426284,0.556000207855996,0.625926979662667
"p[14,2]",0.363361617795758,0.0434770689965477,0.000793922406342939,0.280874171824655,0.362164469595322,0.452070928021575
"p[15,2]",0.645766129164714,0.0297215337124333,0.00053094015655265,0.583852636824542,0.646441429124442,0.702262012699497
"p[16,2]",0.582035734082488,0.0386215265605123,0.000705307685251719,0.504215502934541,0.58159029422942,0.657145270681513
"p[17,2]",0.346155072282441,0.0347164530957394,0.000640258818821137,0.278810690328152,0.34536058645359,0.413319132058827
"p[18,2]",0.351631162526389,0.0325482245168172,0.000592764158254983,0.28845132192578,0.352039388660044,0.415336268041273
"p[19,2]",0.598814230384795,0.0415231425368913,0.00074217556693425,0.51199583569735,0.60006831563443,0.677704661930725
"p[20,2]",0.579791153007376,0.0355344707883624,0.000648982641986592,0.51094410977639,0.580174386840911,0.648334815899085
"p[21,2]",0.482910271935715,0.0871618315080613,0.00162684297741709,0.326775221684802,0.479270389371269,0.665225910939504
"p[22,2]",0.603561242116629,0.0707990145669904,0.00132506414191279,0.464414338869856,0.603872961367251,0.73985968813223
"p[23,2]",0.541737011113082,0.0814309527265073,0.00148645789640157,0.384106006381377,0.542420590350827,0.698513449609571
"p[24,2]",0.461682036068832,0.0534695511888582,0.000975864852914264,0.348194580182232,0.464889918769947,0.560661193129612
"p[25,2]",0.51483465992427,0.0361745051145898,0.000645814929414743,0.440154123882721,0.516425401563148,0.583664884225087
"p[26,2]",0.466504985074656,0.0603340240405687,0.00112611906412286,0.349743243325957,0.466674663954199,0.586188413338555
"p[27,2]",0.570341665329879,0.0319743594874609,0.000597793233187195,0.508799827331488,0.570621737807112,0.634019650434823
"p[28,2]",0.434657082074922,0.0342960724169053,0.00062631716156031,0.37025672842784,0.434580361251365,0.502669412896178
"p[29,2]",0.48533662857061,0.0482023556590939,0.000858082075364004,0.38984663259896,0.484355337466143,0.580803097711048
"p[30,2]",0.62869358638409,0.0301246285080029,0.000523067664222323,0.567830373128795,0.628831181211179,0.685878663288067
"p[31,2]",0.492398475204909,0.0465798245026251,0.000832120023737216,0.397617482988547,0.493036497531356,0.584260631431158
"p[32,2]",0.615816900815993,0.0394671263260015,0.00072056511909104,0.538889697097716,0.615490870303074,0.692820571744134
"p[33,2]",0.590750595524452,0.0486207442763964,0.000862227651064547,0.496553278267552,0.590264296030024,0.682940869041841
"p[34,2]",0.484671862523815,0.0372101575639275,0.000676081547006073,0.413735961743708,0.484481878253222,0.560462831345531
"p[35,2]",0.670706353269383,0.0247487694074454,0.000451823559894362,0.620616625854724,0.671067443944667,0.718152598749982
"p[36,2]",0.535216895260343,0.047935189584611,0.000875009896265595,0.443537984684762,0.535304977025534,0.62695124702706
"p[37,2]",0.565432273254884,0.0452095472220646,0.000768670823920553,0.477486602677742,0.564432769936816,0.652123856828163
"p[38,2]",0.564924774709712,0.032442420148609,0.000610103788867232,0.499901815508482,0.56472501723874,0.627081500459166
"p[39,2]",0.625805921985499,0.0392122113891262,0.000717895756225771,0.547428005421349,0.62524212643783,0.702646979842226
"p[40,2]",0.529124560359935,0.0322273006527366,0.000576921844607445,0.465602319719109,0.529891999918015,0.589757826421573
"p[41,2]",0.473277385449206,0.0464231886893791,0.000828410452292134,0.384372706739816,0.472287663611685,0.564390551541004
"p[42,2]",0.548183394295628,0.0825736538032721,0.00150781886503521,0.384420095672878,0.550496423458585,0.704288415564496
"p[43,2]",0.549300596764552,0.0903363481695115,0.00165703437154533,0.369449271567494,0.549467884092956,0.72261818044539
"p[1,3]",0.352274536654064,0.0768715280604639,0.00142594968193903,0.217604954534912,0.345964436733112,0.515958370734719
"p[2,3]",0.222541211548927,0.0340715328881901,0.000602562840539259,0.158979008301607,0.221686787879408,0.290918028227481
"p[3,3]",0.3939426210347,0.0381781578700493,0.000667789203502077,0.318510204160061,0.392823936149131,0.469232103822243
"p[4,3]",0.315630943174187,0.040163291158811,0.000733467020202511,0.237350967542184,0.315978292498014,0.393644184867907
"p[5,3]",0.271717676901307,0.0311343083542397,0.000568439374842164,0.212758519802661,0.271123227354832,0.333749722252875
"p[6,3]",0.395507994960587,0.0375605537400816,0.000673081628784768,0.322409376209644,0.395559679784518,0.469198055870766
"p[7,3]",0.526002531215234,0.0412240652830591,0.000705001037364074,0.443512694384867,0.526432362612991,0.608174378884932
"p[8,3]",0.482859957028884,0.043434659169506,0.000792324993988663,0.395096959988482,0.483051533542999,0.566675668629443
"p[9,3]",0.30630280130208,0.040315319713742,0.000685824217939379,0.229371782645916,0.305223398628078,0.384385505493446
"p[10,3]",0.378451272726139,0.0323388062101027,0.000553331733438699,0.316130117014393,0.378391135848126,0.440892848029279
"p[11,3]",0.557145906136934,0.0397656070482511,0.000726009041801496,0.479853043463159,0.557571202195804,0.635401320889109
"p[12,3]",0.401023886405008,0.0439478371790884,0.000802035099058697,0.319288279130085,0.399213255596622,0.490055011489903
"p[13,3]",0.412163210299233,0.0358304480135032,0.000654232476053467,0.344024457134336,0.412316237389361,0.483546427988664
"p[14,3]",0.605743566708728,0.0457471604507498,0.000835374680464097,0.514137316445871,0.607354869777826,0.690521775809693
"p[15,3]",0.345041715039147,0.0295326093067182,0.000518860594086691,0.289475240368476,0.344794931169722,0.405795358473025
"p[16,3]",0.387081104331885,0.0374736076492203,0.000673711436242484,0.315341815567969,0.386334546096843,0.462702136755266
"p[17,3]",0.632844736319696,0.0359033149452405,0.000672658716327807,0.561105412788582,0.633596553675135,0.699653906670107
"p[18,3]",0.637514481027553,0.0331039054558996,0.000625844060664199,0.572644704836059,0.63747029209573,0.699984753756457
"p[19,3]",0.383540255684512,0.0412122605019515,0.00075547420369987,0.30667708340321,0.382860859564145,0.470041363722874
"p[20,3]",0.367475086556325,0.0335530144091739,0.000612589498586535,0.303369065480241,0.366860983065801,0.432512348313034
"p[21,3]",0.483244220735876,0.0913660364322404,0.00170359448116216,0.300337864378308,0.485651797585215,0.649419747034321
"p[22,3]",0.368925418896387,0.0709304820288865,0.00136411126878663,0.228462997093682,0.369443354774221,0.505480271530434
"p[23,3]",0.400357316902655,0.0806915500276184,0.00147315323859644,0.242465061336862,0.398939467427018,0.558276069765166
"p[24,3]",0.498197428023217,0.0553833069962582,0.00100760497902343,0.398583009456147,0.494649546564438,0.612250707244519
"p[25,3]",0.447560349780799,0.0358519969901869,0.000640996320636685,0.377663734702695,0.446950313596108,0.518091402270395
"p[26,3]",0.478658463110463,0.05966406017225,0.00108822107270774,0.36250070750683,0.476865952622605,0.599063031607175
"p[27,3]",0.40758270257913,0.0318174668819447,0.000596443855236682,0.344545085901576,0.407904846897448,0.468975436248681
"p[28,3]",0.536198925894398,0.034475061507496,0.000629515692823135,0.467545305537992,0.535782224469802,0.602614892365055
"p[29,3]",0.465682853158086,0.0485427990122646,0.000868807659543552,0.371375437076353,0.465413558168725,0.560496034206096
"p[30,3]",0.339471006968399,0.0290069716738511,0.00050189840151154,0.282993569707861,0.338821273502181,0.397597845043026
"p[31,3]",0.422920873146271,0.0465392410149924,0.000799339309765381,0.334325421738454,0.422817300442898,0.516596871360624
"p[32,3]",0.34754683902689,0.038030269584948,0.000694451299622528,0.274384657519107,0.347306274666582,0.420880618056795
"p[33,3]",0.330267010546654,0.0479886105860907,0.000861830145532562,0.236763028756942,0.329719220553723,0.424399628103677
"p[34,3]",0.496635192964707,0.0382250484019336,0.000698113240621521,0.419540824298395,0.496397520534502,0.568764426652914
"p[35,3]",0.306267809416935,0.0238702073795844,0.000435863692712358,0.258599061075562,0.305989963902969,0.353451965936054
"p[36,3]",0.401321876775031,0.0457828130599658,0.00080313836207698,0.313549704053615,0.400302022727337,0.491183337190175
"p[37,3]",0.397171516817936,0.0460972200436732,0.000841706965987098,0.309735522466231,0.397243208748627,0.489258152152463
"p[38,3]",0.404742109636181,0.0329857521111414,0.000619466703418264,0.341501970498652,0.404623947055246,0.470968118608624
"p[39,3]",0.313929720975176,0.0377416149038959,0.000699874330835682,0.243939553732842,0.313307498149971,0.389590023047562
"p[40,3]",0.412456409041515,0.031723678312648,0.000571308815408951,0.351756809663477,0.412252657995716,0.474596143757577
"p[41,3]",0.46331667294895,0.0453653288286824,0.000828173761838745,0.377518513557369,0.462396743789429,0.553234352660003
"p[42,3]",0.409056360550365,0.0878668040027513,0.001604474194412,0.241679075048049,0.406666609554076,0.585172681873943
"p[43,3]",0.416938258200861,0.0896924693305626,0.00167356187744566,0.244002018843139,0.416352318189597,0.592854817703866
"phi",0.415036870479487,0.173480950285951,0.00310327573953386,0.0720293483350195,0.415618032462161,0.755021371616553
"pi[1]",0.0449441118100038,0.0066990097731177,0.000125264470559961,0.0331407713396954,0.0445595795612295,0.059326222218796
"pi[2]",0.541505150154299,0.0169233133302921,0.000312476398879396,0.507978510408858,0.541864508778344,0.573064692355055
"pi[3]",0.413550738035697,0.0166580594909863,0.000305554786533643,0.38151447791208,0.413263806786753,0.446492076611743
"q[1,1]",0.0495068259267678,0.0192015661049842,0.000350417357909778,0.0192856210574728,0.0471575536653166,0.0925574334405547
"q[2,1]",0.0336160423350544,0.0155715531911986,0.000286532690092643,0.0104382453701247,0.0314661756407892,0.0695125430074353
"q[3,1]",0.0583287178351691,0.0203724095406681,0.00037203615868497,0.0249687092159113,0.0558897732528242,0.103461868896961
"q[4,1]",0.0250736097402383,0.0137619005506256,0.000251330446229645,0.00574601972596221,0.0223219151561911,0.0576929617486992
"q[5,1]",0.026333959554964,0.0141995455045554,0.000271812532911706,0.00589760513626536,0.0240716152334347,0.0601134468394821
"q[6,1]",0.0183635492705107,0.0120769234699771,0.000220517479028393,0.0024189829837989,0.0157716471845358,0.0478882166166205
"q[7,1]",0.0340265069988495,0.0163132528153772,0.000277781940571003,0.0101812337732589,0.0310727034828074,0.0741415687217599
"q[8,1]",0.0521155021849076,0.0206358340292381,0.000378676366606141,0.0186991941791686,0.0493235414646088,0.0988608434548391
"q[9,1]",0.0243271617091079,0.013274327791212,0.000246046772112363,0.00554876137927357,0.0219069765938216,0.0569981458410396
"q[10,1]",0.0220223921063859,0.0121257587543378,0.00022144607817615,0.0047290178318859,0.0197625798772631,0.0508575931680891
"q[11,1]",0.0244604648821103,0.0133814549202277,0.000235717593429585,0.00590594827069286,0.0219184597265298,0.0571274567105226
"q[12,1]",0.034408704750451,0.016484159685429,0.00030103163456631,0.0101295728430914,0.0320240576968996,0.0730564639550234
"q[13,1]",0.028626917406557,0.0153748253456161,0.000280754891574696,0.00655008338294459,0.0259491632813678,0.0652062327441131
"q[14,1]",0.0157779757983108,0.0105017720439297,0.000191734925604943,0.00221971379324235,0.0136043236643352,0.0419378994261503
"q[15,1]",0.0166550389434016,0.0110852877743623,0.000195623885718188,0.0024546227126369,0.0142295114616541,0.0457071947782288
"q[16,1]",0.0280621477832275,0.01495623514982,0.000273077824033775,0.00645924478930609,0.0257795766892016,0.0639140000332832
"q[17,1]",0.0182311835696296,0.0116865875680988,0.000217085394407975,0.00277382347267815,0.0158750102804008,0.0473923323072019
"q[18,1]",0.0316678319288598,0.0148808254863711,0.000274993670348389,0.00913897083918137,0.0295354757723216,0.0669681453969472
"q[19,1]",0.0236662217477078,0.0127741904644053,0.000233774430693047,0.00548247996748092,0.0215048466606963,0.0546995809958778
"q[20,1]",0.0419402941399172,0.0176806674841238,0.000306647053151736,0.0148139791426283,0.0394223798621535,0.0825887938085356
"q[21,1]",0.0497912561389634,0.0511546881799493,0.000904509541225128,0.00178695787278979,0.0336319539166023,0.19185618275155
"q[22,1]",0.0609761486433636,0.0530995308376824,0.000969621138672766,0.00268508220716708,0.0461370305943477,0.199488793373468
"q[23,1]",0.0412724765319453,0.0377788023801282,0.000676868439716944,0.00174958374239573,0.0312118057490328,0.139125532214986
"q[24,1]",0.00990154297637105,0.00680578551262636,0.00012031738133507,0.00151116622354614,0.00825517746783685,0.0267836005215366
"q[25,1]",0.0256797667581927,0.0137039953024009,0.000250255118649943,0.00604987719779924,0.0231240698993717,0.0581773875571208
"q[26,1]",0.0343429028066277,0.0158070235988605,0.000288640102163363,0.00990125569066396,0.0318677194383396,0.0709277944378026
"q[27,1]",0.0290965921618585,0.0138707387846895,0.00026684327281687,0.00844204996022583,0.0270645054420514,0.0616921343988586
"q[28,1]",0.0345615217493296,0.016240439140598,0.000296560495290227,0.0103118028795213,0.0323472642613377,0.0713781422189078
"q[29,1]",0.039784934977933,0.015977091084237,0.000286890400196842,0.0148422585653178,0.0380361537131726,0.0749929807815767
"q[30,1]",0.0308231232026559,0.0148655968789982,0.000271218371688553,0.00870131468865762,0.0286143095888393,0.0664507776835808
"q[31,1]",0.0547130600738773,0.0201005760163442,0.00036704333768321,0.0218815576068883,0.0521146205454595,0.100350235226006
"q[32,1]",0.0564523716198922,0.0220420066843479,0.000385827135095208,0.0212126059791126,0.0537637346985091,0.108143839176231
"q[33,1]",0.0528063004633864,0.0204536057381545,0.000355250868119733,0.0210391784497512,0.0503109045540778,0.0982031231095606
"q[34,1]",0.0172217164985916,0.0097977101553206,0.000178910540287304,0.00385446843958216,0.0153402437965174,0.0408648881166135
"q[35,1]",0.030392418670065,0.0148651693846898,0.000266329478155,0.00859767742643815,0.0275603420577229,0.0655870867720578
"q[36,1]",0.0826920513401983,0.0262002583789219,0.000466239155238298,0.0385466973107185,0.0797567013636439,0.140976704697769
"q[37,1]",0.0574745895456184,0.020875890623322,0.00038115003961697,0.0228197000443242,0.0549490189880624,0.104775972189244
"q[38,1]",0.0578009434937028,0.0206960067842358,0.000377793328052223,0.0244842257451055,0.0556774978502857,0.104774328032577
"q[39,1]",0.0339131207233355,0.0148828799396135,0.000267194476235326,0.0109085697222207,0.0319886793465486,0.0686658631063387
"q[40,1]",0.0388793515086645,0.0165660503974662,0.000302480488880566,0.0136326244186463,0.0368723531964858,0.0770896741159609
"q[41,1]",0.0443760285020196,0.0192293105576273,0.000354350618857078,0.0144937058012926,0.0417902678356965,0.0878043626260853
"q[1,2]",0.647325492699306,0.0435536055908376,0.000801148057381375,0.560263098780187,0.648829687147618,0.726936158312759
"q[2,2]",0.702930147879218,0.0404260685338234,0.000705785459326013,0.622020981347438,0.703252399991747,0.779337002087148
"q[3,2]",0.618999924191522,0.0440076867411887,0.000823502644540515,0.530301817510747,0.620559218356224,0.699509522030236
"q[4,2]",0.733773114121178,0.0398767163660069,0.000728253431066717,0.654255583184767,0.735326355709318,0.807181003124826
"q[5,2]",0.594532362143814,0.0450082362911987,0.000865684166966357,0.502204587484816,0.595786170470721,0.682409817345989
"q[6,2]",0.556912040244031,0.0454722899857916,0.000814083266215788,0.466831609862369,0.557779967463151,0.643363651391019
"q[7,2]",0.518718055230837,0.0458929495474534,0.000837533136363826,0.426694535542043,0.518625426513005,0.607808034934825
"q[8,2]",0.547117091318958,0.0470898124459416,0.000893008734861345,0.454175416160851,0.546778115285312,0.639299675500424
"q[9,2]",0.69765701557021,0.0419616428598412,0.000766364891882115,0.6101825167141,0.698803820846424,0.776110161708795
"q[10,2]",0.400338824715411,0.0443726686442066,0.000789476706478901,0.314648507532392,0.399034787927273,0.489420060984124
"q[11,2]",0.375580219371384,0.0448022503251364,0.000851185765153809,0.289806666672598,0.375275751468956,0.464093303599907
"q[12,2]",0.59052525265993,0.0442155705519045,0.000851396941081134,0.502186067418468,0.59183299134258,0.676247671270464
"q[13,2]",0.465767917634433,0.0456378829447339,0.000833248057577727,0.375378330050301,0.465635659700012,0.555024829576885
"q[14,2]",0.708239175561985,0.042474304589506,0.000806937340593435,0.622479482420127,0.708766355725232,0.787065380567355
"q[15,2]",0.430661519477956,0.0455513046759046,0.000847677159925916,0.344061022734052,0.429414939595663,0.521273513351247
"q[16,2]",0.475254157008012,0.044888038600798,0.000800197475997503,0.388281403614281,0.474649978433079,0.565164775708857
"q[17,2]",0.501231115351861,0.0470183397926701,0.000864517711205212,0.408359919720669,0.502170718628479,0.59060996351931
"q[18,2]",0.392160084574958,0.0478779247213855,0.000874359049558187,0.297610092312972,0.390849787544627,0.48483768216473
"q[19,2]",0.566059833296284,0.0463507037147954,0.000905257788916047,0.471392162702273,0.566787114587964,0.654538207014189
"q[20,2]",0.462485302227429,0.0458926766937642,0.000837807792515844,0.372083255546702,0.462552846281814,0.551406550506019
"q[21,2]",0.626957416651319,0.131472043091954,0.00249529476913115,0.338926779731265,0.643361104721449,0.834597305383131
"q[22,2]",0.495835451149837,0.136371997726854,0.00249044845826697,0.219931076369593,0.499289615979101,0.744728247382595
"q[23,2]",0.622602115302012,0.114426130215705,0.00204884675361434,0.389219267550696,0.629139269989095,0.824883318932925
"q[24,2]",0.448076799491676,0.0472553668469746,0.000879475656540084,0.358593066938181,0.447195145780484,0.545409786662168
"q[25,2]",0.171667817024767,0.0332339079684481,0.000596545450906219,0.112363396634059,0.170024430506382,0.24010265612716
"q[26,2]",0.762736678313876,0.0378885004893541,0.000712491521638003,0.686243940766926,0.762849921588791,0.834858949441885
"q[27,2]",0.469482011897152,0.0448433341648995,0.000816440023970881,0.383653294903658,0.469654309520277,0.555702945977643
"q[28,2]",0.320866456109809,0.0428334295631046,0.000727852330079706,0.240903674515321,0.319291660051012,0.406161206489797
"q[29,2]",0.660803074142305,0.0434939422041172,0.000794180240902785,0.573285092713688,0.663538670523235,0.741743069591997
"q[30,2]",0.379419574269801,0.0439779405488647,0.000789912558697098,0.297402275228407,0.378460826255987,0.463609863316031
"q[31,2]",0.579309744357214,0.0462237072772478,0.000810838847453128,0.488389759293653,0.579676842183611,0.67081860974379
"q[32,2]",0.523772423202111,0.04680342373607,0.00086888578703044,0.43410078593731,0.523659156049554,0.613105348224802
"q[33,2]",0.788219384119263,0.0353751977782702,0.000645973216220336,0.715151675526026,0.789264110707444,0.85380547509253
"q[34,2]",0.643238870445461,0.0437420309324874,0.000798658286700569,0.556887295564858,0.644122960279629,0.725339013809557
"q[35,2]",0.318168593849141,0.0420748859015663,0.000813838898623696,0.239261200667894,0.315927654031551,0.40312112351362
"q[36,2]",0.603113460205845,0.0456692984135477,0.000833856095438438,0.513325973424094,0.604742826147331,0.692537057346473
"q[37,2]",0.737661207886284,0.0390558143149656,0.000713228819440828,0.656447760657262,0.739313416813161,0.809744840542621
"q[38,2]",0.498683375393184,0.0465504346213968,0.000892762083894145,0.406026373378143,0.498340621244825,0.58924679692159
"q[39,2]",0.652777809461018,0.0437755975400858,0.000799491451151351,0.564790124349183,0.653780763620712,0.736600574227455
"q[40,2]",0.31870649759083,0.0428600342880106,0.00078262289663064,0.237688750548312,0.317218744874583,0.404227445688192
"q[41,2]",0.587754030038833,0.0459615246691908,0.000864789887724333,0.496363304500702,0.587651475724929,0.67525221773625
"q[1,3]",0.303167681373927,0.0421411003200418,0.000781638915308792,0.226539649395524,0.301928830676406,0.386197244076738
"q[2,3]",0.263453809785728,0.0395172877582111,0.000720924835115937,0.188148061687096,0.26208233402076,0.342522243817704
"q[3,3]",0.322671357973309,0.0416268823461855,0.000776836313381067,0.245912205310395,0.321168605675943,0.407896304911094
"q[4,3]",0.241153276138584,0.0382611955663546,0.000789730109495208,0.1702386211621,0.240095940343206,0.318183189857856
"q[5,3]",0.379133678301222,0.0448329364598725,0.000816443949340271,0.291689966286996,0.37829533958882,0.471756433797552
"q[6,3]",0.424724410485459,0.0454844713919721,0.000815721453288147,0.337465560406507,0.423761968955594,0.516177372591887
"q[7,3]",0.447255437770313,0.0459851063146697,0.000826907896186428,0.356202014731921,0.447249495393226,0.538793417281455
"q[8,3]",0.400767406496135,0.0462677732512868,0.000876025184368321,0.312031468379271,0.399803154182434,0.491445512385811
"q[9,3]",0.278015822720682,0.0412286791071318,0.000752952707989388,0.199424058045736,0.27655552050848,0.36190840356833
"q[10,3]",0.577638783178203,0.04465587191004,0.000793759553979661,0.485694128272479,0.57759817789788,0.663275302092595
"q[11,3]",0.599959315746506,0.0454377330996539,0.000865889305016399,0.509753075753158,0.600535898098126,0.687604035370262
"q[12,3]",0.375066042589619,0.0435571495203221,0.000795484101900063,0.291316195823565,0.374163766195927,0.466135084106153
"q[13,3]",0.50560516495901,0.0455174563728493,0.000830932681256802,0.417541021140406,0.505410111741447,0.595268720222466
"q[14,3]",0.275982848639704,0.0417432716657608,0.000783157350840455,0.198139988623411,0.27538482653357,0.359428769683633
"q[15,3]",0.552683441578643,0.0457665123575548,0.000851395294912383,0.463568872996423,0.553988264576498,0.640175225327461
"q[16,3]",0.496683695208761,0.0452124023139705,0.000810427909723941,0.406155120293397,0.497997848590478,0.584442568942805
"q[17,3]",0.480537701078509,0.0469388895041994,0.000857252434475694,0.390854854769311,0.480204910196404,0.575413747116746
"q[18,3]",0.576172083496182,0.0480145800875546,0.000876912087994166,0.4827044936722,0.576186656902736,0.672288646784605
"q[19,3]",0.410273944956008,0.0458891568730863,0.000881101787094906,0.323425833856084,0.41006860266616,0.504756056156335
"q[20,3]",0.495574403632654,0.0455400556819598,0.0008314232632531,0.406978958879057,0.495752239641073,0.584583209562507
"q[21,3]",0.323251327209717,0.121195976640606,0.00221247553146918,0.134071495777254,0.308150508312897,0.597219515186021
"q[22,3]",0.4431884002068,0.133582572802836,0.00243963736047448,0.20619557743862,0.437811921142177,0.709787788575741
"q[23,3]",0.336125408166042,0.112829235079184,0.00205985446402735,0.138900675426229,0.328410355492319,0.568785343313254
"q[24,3]",0.542021657531953,0.0473780317502161,0.000865202002513326,0.445959291848087,0.542730566233129,0.632765811617755
"q[25,3]",0.80265241621704,0.0351078456904918,0.000640857697045133,0.731077083047054,0.803985192579409,0.867530192957628
"q[26,3]",0.202920418879497,0.0359249657359673,0.000666527874110403,0.137823613030444,0.20253313168219,0.275835650710156
"q[27,3]",0.501421395940989,0.0447233748752483,0.000811599352956378,0.414923379285771,0.500770104505548,0.586735249207004
"q[28,3]",0.644572022140862,0.0437689235457099,0.000756270326787673,0.559506238024397,0.645944572252561,0.726575162311431
"q[29,3]",0.299411990879762,0.0421241147282322,0.00076898288589906,0.222433079722789,0.297656826913639,0.385598355336811
"q[30,3]",0.589757302527543,0.0448703177167555,0.000819331191567416,0.502350784529382,0.590225679112377,0.676316049690617
"q[31,3]",0.365977195568908,0.0449441223200022,0.000800220580565365,0.281665750148965,0.365817407489284,0.453450107018284
"q[32,3]",0.419775205177997,0.0456599980791264,0.000820439766597319,0.332223468534217,0.420111252264274,0.509111322990786
"q[33,3]",0.15897431541735,0.0310443276440452,0.000578787081529431,0.103755400207834,0.157003158277008,0.224478526990865
"q[34,3]",0.339539413055948,0.0431284112545536,0.000787455036902387,0.258576804185007,0.338044107237712,0.423583598949096
"q[35,3]",0.651438987480794,0.0432320229863516,0.00082714903565274,0.565907106807364,0.653106627782352,0.731876015488606
"q[36,3]",0.314194488453957,0.0423457525701274,0.000772898732304949,0.233755718536669,0.312186828122327,0.401933624512379
"q[37,3]",0.204864202568098,0.0355343857100517,0.000648711893864838,0.140534643846957,0.203066908070069,0.281358191590535
"q[38,3]",0.443515681113113,0.0456968678759936,0.000869471135949458,0.355396720391308,0.442443164558582,0.5336720730326
"q[39,3]",0.313309069815647,0.0430811355693678,0.000790520293169637,0.233133943375317,0.312164080764806,0.399438013454413
"q[40,3]",0.642414150900505,0.0441492648858966,0.000806104632623252,0.554603460203649,0.643047704760151,0.72831417149953
"q[41,3]",0.367869941459147,0.0448661343871581,0.000827298125071409,0.283990538683228,0.36658326252989,0.458871221051671
"q.mr",1.58531851001446,0.0666894429309814,0.00122595574970994,1.45722123302551,1.58278172589976,1.72491010432655
"q.weir",0.733926077612918,0.0461859063548773,0.000841690275602565,0.647302647571124,0.733105624951733,0.827780414426925
"qS.mr[1]",150884.765088953,10344.5565607095,183.207404885964,131520.747310125,150392.573555564,172873.328067366
"qS.mr[2]",116269.082264851,12790.6831847101,226.116122116077,92767.4790618497,115681.192757683,143805.347426074
"qS.mr[3]",145917.706043118,10349.9763927716,189.01358020962,126738.048369662,145313.384399386,167303.152953198
"qS.mr[4]",173628.118348085,11898.1962572581,203.610739280282,150969.308894422,173183.144697161,197780.146848359
"qS.mr[5]",221065.063922666,23457.487675183,458.113071274755,179385.651401711,220061.698410093,270796.598420125
"qS.mr[6]",183410.620909872,12714.3303701594,232.153550296623,159826.599838079,183052.061476909,209506.3535169
"qS.mr[7]",182133.979207828,34312.3175233088,626.541575647376,125206.563296644,178377.967337932,258186.023158077
"qS.mr[8]",279858.535084695,30683.0910448944,554.344895699184,225701.236052892,277853.432996703,346736.988776271
"qS.mr[9]",271177.382415022,29054.018461989,520.686200982494,218286.75191382,269706.090642903,330418.740140363
"qS.mr[10]",128443.372408658,13825.0052058965,248.184380181326,103183.814805026,127905.949061484,156749.170923192
"qS.mr[11]",52013.1463558654,3520.23973053191,65.6807264954482,45467.0126250451,51858.3960886728,59223.196761567
"qS.mr[12]",107924.664260267,11597.3997541718,211.759815495603,87172.411705644,107166.161267962,131868.911142412
"qS.mr[13]",63202.597232908,6965.18677802898,129.462077689005,51016.6060771921,62723.5250625192,78358.8229805283
"qS.mr[14]",302772.110892147,20465.5229888881,373.70632008962,264078.981001013,302870.582221576,343622.314416063
"qS.mr[15]",130726.422190509,8982.38141053134,151.534341309601,114086.423419291,130396.150352165,149008.029893306
"qS.mr[16]",112422.406710673,7738.94753630519,141.300469491878,97629.4682921336,112018.118945949,128814.360630511
"qS.mr[17]",207325.506506109,14063.6479282648,263.04607688971,181396.035771038,206756.524798974,235625.986518398
"qS.mr[18]",449380.040434499,30504.4051924102,556.159900752008,390798.833152575,448835.644559104,510930.206355629
"qS.mr[19]",170787.491029067,12757.8756376749,225.873048333613,146844.360589819,170233.265119975,198423.40276013
"qS.mr[20]",157554.213583943,11634.5636044168,204.92882006234,135601.87521893,156764.302724155,181680.536817559
"qS.mr[21]",254963.594007585,25066.6721174614,457.723615706122,210189.197918736,253658.218522615,306191.847846246
"qS.mr[22]",241149.835318275,23683.3413127838,432.53874294651,199290.289836771,239736.468463072,290677.709982026
"qS.mr[23]",212730.66799893,18932.6691733505,324.765764583226,178038.873144567,211912.513401717,251087.501309733
"qS.mr[24]",248428.708992618,11330.0345193104,206.862088269531,226866.982062674,248110.846509386,270979.325486432
"qS.mr[25]",106141.15986123,6316.91625979431,117.379329264077,94804.6935428572,105995.152942254,118982.721283436
"qS.mr[26]",106196.898817923,7021.06877208666,124.598126270408,93095.2973013073,105904.240206907,120270.616026806
"qS.mr[27]",143543.254530256,13109.0448477693,232.966386923962,119909.324648273,142985.737396098,171551.376271763
"qS.mr[28]",117740.794509995,7725.21555470981,146.613192310047,103419.361827239,117548.407017367,133865.737560717
"qS.mr[29]",122545.926054892,6877.33187506175,121.801001279175,109494.470642107,122463.59085048,136140.476214783
"qS.mr[30]",85588.5304887574,7590.25068382054,138.605952816887,71652.8551906536,85188.3788497245,101365.452670872
"qS.mr[31]",83895.3034560708,10263.4819813688,193.87899769278,65524.3814229506,83243.9149640811,106278.895881745
"qS.mr[32]",61844.987715337,4579.77304882382,81.3861747354413,53154.5579603917,61749.6729965828,71301.1818371048
"qS.mr[33]",121514.399864306,9156.61561467567,163.733730364644,104763.476107042,121274.67686785,140187.867555693
"qS.mr[34]",244647.036792425,14420.6897003334,268.331172799992,217376.27031199,244521.542723858,273980.762953699
"qS.mr[35]",91648.2604911233,4950.65267618247,90.7049461430416,82255.7488432353,91509.0947332442,102182.419955295
"qS.mr[36]",103338.063225767,5277.43838548108,91.6795316072699,93624.4503210502,103207.283560153,113822.456907873
"qS.mr[37]",180922.467009634,13068.9738074443,238.653948072795,157587.898733689,180288.680424151,209142.065647057
"qS.mr[38]",201298.49249316,14642.0386707839,280.957449582285,174854.6464698,200480.91596515,231800.397362797
"qS.mr[39]",123458.40781296,7164.67814584593,126.56401845522,109967.240704992,123368.52858344,137468.886606747
"qS.mr[40]",149031.338016809,13045.5372375671,238.200584742509,125011.343280718,148497.891857813,176261.880548158
"qS.mr[41]",113832.610935538,7652.01257957384,137.554215973673,99811.788414393,113446.453505102,129375.754229942
"qS.weir[1]",69696.1334362207,3412.15899832281,62.3176201318458,63265.0409064117,69654.1638905202,76444.7800097693
"qS.weir[2]",53700.0932947739,5245.21845353758,92.9924937961153,44195.9455563896,53460.4430581117,64464.9005863614
"qS.weir[3]",67397.823229538,3446.08333724769,64.0171201312709,60922.3531547208,67324.7594275011,74449.2590583063
"qS.weir[4]",80204.6037174415,3988.08157290088,68.7727883649832,72706.24818707,80025.0358890369,88329.8081180845
"qS.weir[5]",102121.726095372,9748.00821981215,178.0314003745,84312.0303017332,101644.036220806,122617.686871247
"qS.weir[6]",84721.1060803304,4256.61938130397,77.7192143031737,76822.374143691,84529.2202943386,93300.3319142791
"qS.weir[7]",84153.245518346,15400.7916340271,286.826086188802,57719.6513893926,82828.7919239108,118293.174510678
"qS.weir[8]",129279.882792448,12815.8836265078,235.209992728473,106583.117423175,128510.59397409,156203.186082357
"qS.weir[9]",125277.406749338,12184.4214979064,222.481982213899,103077.942202928,124937.644802511,149980.124955356
"qS.weir[10]",59334.2680063695,5750.23213473247,104.990375917914,48630.2581635994,59244.6569750254,71199.3027271848
"qS.weir[11]",24027.0084470829,1175.92313823189,21.4828361391862,21776.7506190409,23987.8989831608,26452.2166303585
"qS.weir[12]",49851.9102408467,4788.82109242911,92.9342551459399,41249.5701518324,49606.5022417277,60197.9572006025
"qS.weir[13]",29194.766953678,2904.1501678368,53.8995349934577,24099.2647287932,29048.567886942,35630.7772596488
"qS.weir[14]",139878.700002991,7153.4179654638,130.629483035109,126165.829261212,139786.818029317,153597.735179419
"qS.weir[15]",60384.1419235634,2972.89226743727,48.013424561955,54640.0810704218,60312.6150578812,66642.4267020392
"qS.weir[16]",51930.705245495,2585.17572545988,47.1894971179033,47128.1932027004,51903.0830587272,57183.4147931569
"qS.weir[17]",95774.4154178603,4756.07501612075,93.0400657919721,86921.7080133985,95692.900095478,105205.449452359
"qS.weir[18]",207587.699159863,10249.0898930848,183.413544920422,188208.55681637,207177.115301849,227771.729755629
"qS.weir[19]",78979.1516734085,5883.62978587168,107.439133552903,67765.6155082795,78752.092742288,91311.1125230057
"qS.weir[20]",72867.280334316,5478.27636295315,95.5662403942287,62882.6184246943,72541.9392072395,84301.8415046629
"qS.weir[21]",118028.89561031,12780.863565488,223.938118995896,94950.3348787999,117075.325954969,144058.98111593
"qS.weir[22]",111655.70794042,12283.1394100433,224.331267136093,89396.9339901589,110827.167818462,137068.96598964
"qS.weir[23]",98489.9498540337,9975.97830463792,182.168180067312,80423.2131853385,97966.3231419964,119037.362887342
"qS.weir[24]",114960.498418064,6705.65684911575,124.917502429248,102285.559025765,114666.758737595,128540.090943342
"qS.weir[25]",49050.6841675508,2280.76000036188,40.9231701421652,44775.8513468194,49007.2105230935,53779.3828941073
"qS.weir[26]",49152.8678069095,3846.51936465809,73.8297320563655,41902.8855634509,48989.2443539341,57102.3719328242
"qS.weir[27]",66351.6470651851,5727.52683776857,104.578401484752,55954.1407308867,66178.0895804464,78214.7521198135
"qS.weir[28]",54494.193888447,4205.65176057799,77.2896025997417,46503.7087095811,54423.5928766863,62984.0707547246
"qS.weir[29]",56722.5572582967,4004.534374699,71.6068717810699,49277.418944636,56597.6971078647,64897.3048578888
"qS.weir[30]",39603.5116211206,3773.84129112817,63.3920450267305,32798.8204899147,39397.3530104482,47614.3045471872
"qS.weir[31]",38808.3349208624,4840.38645225408,88.4017790412513,30224.5563449492,38522.054624396,49040.0145837337
"qS.weir[32]",28600.5170287618,2128.40088393924,38.8639611409755,24658.2883724384,28524.2589578792,33054.1962277561
"qS.weir[33]",56255.7148040604,4996.48769626857,91.2467356028257,47006.7493576597,56044.3664778113,66720.8366665139
"qS.weir[34]",113256.907212199,8486.92413008318,158.175004732225,97745.6491509242,112994.368447952,130518.752744412
"qS.weir[35]",42429.9844544056,3050.70920428032,54.7830540501364,36937.1488601734,42304.0696218124,48633.1915632758
"qS.weir[36]",47842.5287438565,3340.05785980159,55.9219783669065,41551.0184015448,47829.6411708249,54782.2157864305
"qS.weir[37]",83756.8789302905,7194.02416651993,130.848244703142,70963.0647051898,83337.5928319295,99023.7480890457
"qS.weir[38]",93195.5466433371,8117.98202124872,149.459306448111,78453.1831694204,92744.0992779944,110166.21855555
"qS.weir[39]",57152.0606629833,4217.99772060615,73.9489786583416,49071.9226305063,56848.2947189027,66128.4382219597
"qS.weir[40]",68992.57229841,6827.34985144302,124.678076025428,56600.3872962432,68583.443439541,83300.8988839395
"qS.weir[41]",52700.1669869563,4335.04015557393,77.5346190394105,44618.0031168857,52614.3362422765,61834.2214980228
"sigma.R",0.568705266374679,0.0764987023321166,0.00136873088928195,0.439054487311983,0.56082327150871,0.735504942020734
"sigma.RO",0.281262251998145,0.134455783101808,0.00245946506383761,0.120876681621915,0.252202317087638,0.639224539335056
